Executing action: all (aliases: build)
Running cmake in directory /a0/usr/projects/zclaw/build
Executing "cmake -G Ninja -B /a0/usr/projects/zclaw/build -DPYTHON_DEPS_CHECKED=1 -DPYTHON=/root/.espressif/python_env/idf6.1_py3.12_env/bin/python -DESP_PLATFORM=1 -DCCACHE_ENABLE=False /a0/usr/projects/zclaw"...
-- IDF_TARGET is not set, guessed 'esp32' from sdkconfig '/a0/usr/projects/zclaw/sdkconfig'
-- Found Git: /usr/bin/git (found version "2.53.0")
-- Component directory /root/esp/esp-idf/components/idf_test does not contain a CMakeLists.txt file. No component will be added
-- Minimal build - OFF
-- The C compiler identification is GNU 15.2.0
-- The CXX compiler identification is GNU 15.2.0
-- The ASM compiler identification is GNU
-- Found assembler: /root/.espressif/tools/xtensa-esp-elf/esp-15.2.0_20251204/xtensa-esp-elf/bin/xtensa-esp32-elf-gcc
-- Detecting C compiler ABI info
-- Detecting C compiler ABI info - done
-- Check for working C compiler: /root/.espressif/tools/xtensa-esp-elf/esp-15.2.0_20251204/xtensa-esp-elf/bin/xtensa-esp32-elf-gcc - skipped
-- Detecting C compile features
-- Detecting C compile features - done
-- Detecting CXX compiler ABI info
-- Detecting CXX compiler ABI info - done
-- Check for working CXX compiler: /root/.espressif/tools/xtensa-esp-elf/esp-15.2.0_20251204/xtensa-esp-elf/bin/xtensa-esp32-elf-g++ - skipped
-- Detecting CXX compile features
-- Detecting CXX compile features - done
-- Building ESP-IDF components for target esp32
NOTICE: Processing 2 dependencies:
NOTICE: [1/2] espressif/cjson (1.7.19~2)
NOTICE: [2/2] idf (6.1.0)
-- ESP-TEE is currently supported only on the esp32c6;esp32h2;esp32c5;esp32c61 SoCs
-- KCONFIG_REPORT_VERBOSITY not set, using default
-- Project sdkconfig file /a0/usr/projects/zclaw/sdkconfig
/tmp/kconfgen_tmpglc8r4_6:73: warning: ignoring malformed line 'EOF && tail -10 sdkconfig.defaults'
Configuration Report                                                            
 ────────────────────────────────────────────────────────────────────────────── 
   Parser Version: 1                                                            
   Verbosity: default                                                           
   Defaults policy: sdkconfig                                                   
   Status: Finished with notifications                                          
                                                                                
  Multiple Assignments                                                          
   ────────────────────────────────────────────────                             
    Symbol ZCLAW_LLM_FALLBACK:                                                  
        y (user-set value)                                                      
        y (user-set value)                                                      
        -> using y                                                              
    Symbol ZCLAW_LLM_FALLBACK_URL:                                              
        http://localhost:11434/v1 (user-set value)                              
        http://localhost:11434/v1 (user-set value)                              
        -> using http://localhost:11434/v1                                      
    Symbol ZCLAW_LLM_FALLBACK_MODEL:                                            
        llama2 (user-set value)                                                 
        llama2 (user-set value)                                                 
        -> using llama2                                                         
   ────────────────────────────────────────────────                             
  Disabled Symbols/Choices With User-Set Value                                  
   ──────────────────────────────────────────────────────────────────────────   
    * IDF_TARGET (defined at /root/esp/esp-idf/Kconfig:68) with user-set        
    value esp32 from /tmp/kconfgen_tmpglc8r4_6                                  
    * ESPTOOLPY_FLASHSIZE (defined at                                           
    /root/esp/esp-idf/components/esptool_py/Kconfig.projbuild:147) with         
    user-set value 4MB from /tmp/kconfgen_tmpglc8r4_6                           
    * LIBC_NEWLIB_NANO_FORMAT (defined at                                       
    /root/esp/esp-idf/components/esp_libc/Kconfig:106) with user-set value y    
    from /tmp/kconfgen_tmpglc8r4_6                                              
    * ESP_WIFI_TX_BUFFER_TYPE (defined at                                       
    /root/esp/esp-idf/components/esp_wifi/Kconfig:84,                           
    /root/esp/esp-idf/components/esp_wifi/remote/./Kconfig.wifi_is_remote.i…    
    with user-set value 0 from /tmp/kconfgen_tmpglc8r4_6                        
    * ESP_WIFI_STATIC_TX_BUFFER_NUM (defined at                                 
    /root/esp/esp-idf/components/esp_wifi/Kconfig:89,                           
    /root/esp/esp-idf/components/esp_wifi/remote/./Kconfig.wifi_is_remote.i…    
    with user-set value 4 from /tmp/kconfgen_tmpglc8r4_6                        
    * ESP_WIFI_ENABLE_SAE_PK (defined at                                        
    /root/esp/esp-idf/components/esp_wifi/Kconfig:317,                          
    /root/esp/esp-idf/components/esp_wifi/remote/./Kconfig.wifi_is_remote.i…    
    with user-set value n from /tmp/kconfgen_tmpglc8r4_6                        
    * ESP_WIFI_SOFTAP_SAE_SUPPORT (defined at                                   
    /root/esp/esp-idf/components/esp_wifi/Kconfig:324,                          
    /root/esp/esp-idf/components/esp_wifi/remote/./Kconfig.wifi_is_remote.i…    
    with user-set value n from /tmp/kconfgen_tmpglc8r4_6                        
    * MBEDTLS_SSL_MAX_CONTENT_LEN (defined at                                   
    /root/esp/esp-idf/components/mbedtls/Kconfig:180) with user-set value       
    16384 from /tmp/kconfgen_tmpglc8r4_6                                        
   ──────────────────────────────────────────────────────────────────────────   
 ────────────────────────────────────────────────────────────────────────────── 
Loading defaults file /a0/usr/projects/zclaw/sdkconfig.defaults...
/a0/usr/projects/zclaw/sdkconfig.defaults:12 CONFIG_NEWLIB_NANO_FORMAT was replaced with CONFIG_LIBC_NEWLIB_NANO_FORMAT 
-- Compiler supported targets: xtensa-esp-elf
-- Detecting C compiler ABI info
-- Detecting C compiler ABI info - done
-- Detecting CXX compiler ABI info
-- Detecting CXX compiler ABI info - done
-- Detecting C compiler ABI info
-- Detecting C compiler ABI info - done
-- Detecting CXX compiler ABI info
-- Detecting CXX compiler ABI info - done
-- App "zclaw" version: e22aaa4-dirty
-- Found Python3: /root/.espressif/python_env/idf6.1_py3.12_env/bin/python (found version "3.12.4") found components: Interpreter
-- Performing Test CMAKE_HAVE_LIBC_PTHREAD
-- Performing Test CMAKE_HAVE_LIBC_PTHREAD - Success
-- Found Threads: TRUE
-- Performing Test C_COMPILER_SUPPORTS_WFORMAT_SIGNEDNESS
-- Performing Test C_COMPILER_SUPPORTS_WFORMAT_SIGNEDNESS - Success
-- Setting up mbedtls configuration
-- Linkage type is PUBLIC
-- Adding linker script /root/esp/esp-idf/components/esp_system/ld/esp32/memory.ld.in
--   -> Preprocessing .in script: /root/esp/esp-idf/components/esp_system/ld/esp32/memory.ld.in
-- Adding linker script /root/esp/esp-idf/components/esp_system/ld/esp32/sections.ld.in
--   -> Preprocessing .in script: /root/esp/esp-idf/components/esp_system/ld/esp32/sections.ld.in
--   -> Applying ldgen processing: /a0/usr/projects/zclaw/build/esp-idf/esp_system/ld/sections.ld.in
-- Adding linker script /root/esp/esp-idf/components/esp_rom/esp32/ld/esp32.rom.ld
-- Adding linker script /root/esp/esp-idf/components/esp_rom/esp32/ld/esp32.rom.api.ld
-- Adding linker script /root/esp/esp-idf/components/esp_rom/esp32/ld/esp32.rom.libgcc.ld
-- Adding linker script /root/esp/esp-idf/components/esp_rom/esp32/ld/esp32.rom.libc-funcs.ld
-- Adding linker script /root/esp/esp-idf/components/soc/esp32/ld/esp32.peripherals.ld
-- Adding linker script /root/esp/esp-idf/components/esp_hal_regi2c/esp32/rom.regi2c.ld
CMake Warning at /root/esp/esp-idf/tools/cmake/component_validation.cmake:106 (message):
  Private include directory
  '/root/esp/esp-idf/components/esp_wifi/wifi_apps/roaming_app/include'
  belongs to component esp_wifi but is being used by component
  wpa_supplicant.  It is recommended to define the component dependency for
  wpa_supplicant on the component esp_wifi, i.e.  'idf_component_register(...
  PRIV_REQUIRES esp_wifi)' in the CMakeLists.txt of wpa_supplicant, and
  specify the included directory as idf_component_register(...
  PRIV_INCLUDE_DIRS <dir relative to component>) in the CMakeLists.txt of
  component esp_wifi.
Call Stack (most recent call first):
  /root/esp/esp-idf/tools/cmake/component_validation.cmake:130 (__component_validation_check_include_dirs)
  /root/esp/esp-idf/CMakeLists.txt:353 (__component_validation_run_checks)


CMake Warning at /root/esp/esp-idf/tools/cmake/component_validation.cmake:106 (message):
  Private include directory
  '/root/esp/esp-idf/components/esp_wifi/wifi_apps/roaming_app/src' belongs
  to component esp_wifi but is being used by component wpa_supplicant.  It is
  recommended to define the component dependency for wpa_supplicant on the
  component esp_wifi, i.e.  'idf_component_register(...  PRIV_REQUIRES
  esp_wifi)' in the CMakeLists.txt of wpa_supplicant, and specify the
  included directory as idf_component_register(...  PRIV_INCLUDE_DIRS <dir
  relative to component>) in the CMakeLists.txt of component esp_wifi.
Call Stack (most recent call first):
  /root/esp/esp-idf/tools/cmake/component_validation.cmake:130 (__component_validation_check_include_dirs)
  /root/esp/esp-idf/CMakeLists.txt:353 (__component_validation_run_checks)


CMake Warning at /root/esp/esp-idf/tools/cmake/component_validation.cmake:106 (message):
  Private include directory '/root/esp/esp-idf/components/wpa_supplicant/src'
  belongs to component wpa_supplicant but is being used by component
  esp_wifi.  It is recommended to define the component dependency for
  esp_wifi on the component wpa_supplicant, i.e.  'idf_component_register(...
  PRIV_REQUIRES wpa_supplicant)' in the CMakeLists.txt of esp_wifi, and
  specify the included directory as idf_component_register(...
  PRIV_INCLUDE_DIRS <dir relative to component>) in the CMakeLists.txt of
  component wpa_supplicant.
Call Stack (most recent call first):
  /root/esp/esp-idf/tools/cmake/component_validation.cmake:130 (__component_validation_check_include_dirs)
  /root/esp/esp-idf/CMakeLists.txt:353 (__component_validation_run_checks)


CMake Warning at /root/esp/esp-idf/tools/cmake/component_validation.cmake:106 (message):
  Private include directory
  '/root/esp/esp-idf/components/wpa_supplicant/esp_supplicant/src' belongs to
  component wpa_supplicant but is being used by component esp_wifi.  It is
  recommended to define the component dependency for esp_wifi on the
  component wpa_supplicant, i.e.  'idf_component_register(...  PRIV_REQUIRES
  wpa_supplicant)' in the CMakeLists.txt of esp_wifi, and specify the
  included directory as idf_component_register(...  PRIV_INCLUDE_DIRS <dir
  relative to component>) in the CMakeLists.txt of component wpa_supplicant.
Call Stack (most recent call first):
  /root/esp/esp-idf/tools/cmake/component_validation.cmake:130 (__component_validation_check_include_dirs)
  /root/esp/esp-idf/CMakeLists.txt:353 (__component_validation_run_checks)


-- Component idf::esp_trace will be linked with -Wl,--whole-archive
-- Components: app_trace app_update bootloader bootloader_support bt cmock console cxx driver efuse esp-tls esp_adc esp_app_format esp_asrc_adapter esp_blockdev esp_blockdev_util esp_bootloader_format esp_coex esp_common esp_driver_ana_cmpr esp_driver_bitscrambler esp_driver_cam esp_driver_cordic esp_driver_dac esp_driver_dma esp_driver_gpio esp_driver_gptimer esp_driver_i2c esp_driver_i2s esp_driver_i3c esp_driver_isp esp_driver_jpeg esp_driver_ledc esp_driver_mcpwm esp_driver_parlio esp_driver_pcnt esp_driver_ppa esp_driver_rmt esp_driver_sd_intf esp_driver_sdio esp_driver_sdm esp_driver_sdmmc esp_driver_sdspi esp_driver_spi esp_driver_touch_sens esp_driver_tsens esp_driver_twai esp_driver_uart esp_driver_usb_serial_jtag esp_eth esp_event esp_gdbstub esp_hal_ana_cmpr esp_hal_ana_conv esp_hal_asrc esp_hal_cam esp_hal_clock esp_hal_cordic esp_hal_dma esp_hal_emac esp_hal_gpio esp_hal_gpspi esp_hal_i2c esp_hal_i2s esp_hal_i3c esp_hal_ieee802154 esp_hal_jpeg esp_hal_lcd esp_hal_ledc esp_hal_mcpwm esp_hal_mspi esp_hal_parlio esp_hal_pcnt esp_hal_pmu esp_hal_ppa esp_hal_regi2c esp_hal_rmt esp_hal_rtc_timer esp_hal_sd esp_hal_security esp_hal_systimer esp_hal_timg esp_hal_touch_sens esp_hal_twai esp_hal_uart esp_hal_usb esp_hal_wdt esp_hid esp_http_client esp_http_server esp_https_ota esp_https_server esp_hw_support esp_lcd esp_libc esp_local_ctrl esp_mm esp_netif esp_netif_stack esp_partition esp_phy esp_pm esp_psram esp_ringbuf esp_rom esp_security esp_stdio esp_system esp_timer esp_trace esp_usb_cdc_rom_console esp_wifi espcoredump espressif__cjson esptool_py fatfs freertos hal heap http_parser ieee802154 log lwip main mbedtls nvs_flash nvs_sec_provider openthread partition_table perfmon protobuf-c protocomm pthread rt sdmmc soc spi_flash spiffs tcp_transport ulp unity vfs wear_levelling wpa_supplicant xtensa
-- Component paths: /root/esp/esp-idf/components/app_trace /root/esp/esp-idf/components/app_update /root/esp/esp-idf/components/bootloader /root/esp/esp-idf/components/bootloader_support /root/esp/esp-idf/components/bt /root/esp/esp-idf/components/cmock /root/esp/esp-idf/components/console /root/esp/esp-idf/components/cxx /root/esp/esp-idf/components/driver /root/esp/esp-idf/components/efuse /root/esp/esp-idf/components/esp-tls /root/esp/esp-idf/components/esp_adc /root/esp/esp-idf/components/esp_app_format /root/esp/esp-idf/components/esp_asrc_adapter /root/esp/esp-idf/components/esp_blockdev /root/esp/esp-idf/components/esp_blockdev_util /root/esp/esp-idf/components/esp_bootloader_format /root/esp/esp-idf/components/esp_coex /root/esp/esp-idf/components/esp_common /root/esp/esp-idf/components/esp_driver_ana_cmpr /root/esp/esp-idf/components/esp_driver_bitscrambler /root/esp/esp-idf/components/esp_driver_cam /root/esp/esp-idf/components/esp_driver_cordic /root/esp/esp-idf/components/esp_driver_dac /root/esp/esp-idf/components/esp_driver_dma /root/esp/esp-idf/components/esp_driver_gpio /root/esp/esp-idf/components/esp_driver_gptimer /root/esp/esp-idf/components/esp_driver_i2c /root/esp/esp-idf/components/esp_driver_i2s /root/esp/esp-idf/components/esp_driver_i3c /root/esp/esp-idf/components/esp_driver_isp /root/esp/esp-idf/components/esp_driver_jpeg /root/esp/esp-idf/components/esp_driver_ledc /root/esp/esp-idf/components/esp_driver_mcpwm /root/esp/esp-idf/components/esp_driver_parlio /root/esp/esp-idf/components/esp_driver_pcnt /root/esp/esp-idf/components/esp_driver_ppa /root/esp/esp-idf/components/esp_driver_rmt /root/esp/esp-idf/components/esp_driver_sd_intf /root/esp/esp-idf/components/esp_driver_sdio /root/esp/esp-idf/components/esp_driver_sdm /root/esp/esp-idf/components/esp_driver_sdmmc /root/esp/esp-idf/components/esp_driver_sdspi /root/esp/esp-idf/components/esp_driver_spi /root/esp/esp-idf/components/esp_driver_touch_sens /root/esp/esp-idf/components/esp_driver_tsens /root/esp/esp-idf/components/esp_driver_twai /root/esp/esp-idf/components/esp_driver_uart /root/esp/esp-idf/components/esp_driver_usb_serial_jtag /root/esp/esp-idf/components/esp_eth /root/esp/esp-idf/components/esp_event /root/esp/esp-idf/components/esp_gdbstub /root/esp/esp-idf/components/esp_hal_ana_cmpr /root/esp/esp-idf/components/esp_hal_ana_conv /root/esp/esp-idf/components/esp_hal_asrc /root/esp/esp-idf/components/esp_hal_cam /root/esp/esp-idf/components/esp_hal_clock /root/esp/esp-idf/components/esp_hal_cordic /root/esp/esp-idf/components/esp_hal_dma /root/esp/esp-idf/components/esp_hal_emac /root/esp/esp-idf/components/esp_hal_gpio /root/esp/esp-idf/components/esp_hal_gpspi /root/esp/esp-idf/components/esp_hal_i2c /root/esp/esp-idf/components/esp_hal_i2s /root/esp/esp-idf/components/esp_hal_i3c /root/esp/esp-idf/components/esp_hal_ieee802154 /root/esp/esp-idf/components/esp_hal_jpeg /root/esp/esp-idf/components/esp_hal_lcd /root/esp/esp-idf/components/esp_hal_ledc /root/esp/esp-idf/components/esp_hal_mcpwm /root/esp/esp-idf/components/esp_hal_mspi /root/esp/esp-idf/components/esp_hal_parlio /root/esp/esp-idf/components/esp_hal_pcnt /root/esp/esp-idf/components/esp_hal_pmu /root/esp/esp-idf/components/esp_hal_ppa /root/esp/esp-idf/components/esp_hal_regi2c /root/esp/esp-idf/components/esp_hal_rmt /root/esp/esp-idf/components/esp_hal_rtc_timer /root/esp/esp-idf/components/esp_hal_sd /root/esp/esp-idf/components/esp_hal_security /root/esp/esp-idf/components/esp_hal_systimer /root/esp/esp-idf/components/esp_hal_timg /root/esp/esp-idf/components/esp_hal_touch_sens /root/esp/esp-idf/components/esp_hal_twai /root/esp/esp-idf/components/esp_hal_uart /root/esp/esp-idf/components/esp_hal_usb /root/esp/esp-idf/components/esp_hal_wdt /root/esp/esp-idf/components/esp_hid /root/esp/esp-idf/components/esp_http_client /root/esp/esp-idf/components/esp_http_server /root/esp/esp-idf/components/esp_https_ota /root/esp/esp-idf/components/esp_https_server /root/esp/esp-idf/components/esp_hw_support /root/esp/esp-idf/components/esp_lcd /root/esp/esp-idf/components/esp_libc /root/esp/esp-idf/components/esp_local_ctrl /root/esp/esp-idf/components/esp_mm /root/esp/esp-idf/components/esp_netif /root/esp/esp-idf/components/esp_netif_stack /root/esp/esp-idf/components/esp_partition /root/esp/esp-idf/components/esp_phy /root/esp/esp-idf/components/esp_pm /root/esp/esp-idf/components/esp_psram /root/esp/esp-idf/components/esp_ringbuf /root/esp/esp-idf/components/esp_rom /root/esp/esp-idf/components/esp_security /root/esp/esp-idf/components/esp_stdio /root/esp/esp-idf/components/esp_system /root/esp/esp-idf/components/esp_timer /root/esp/esp-idf/components/esp_trace /root/esp/esp-idf/components/esp_usb_cdc_rom_console /root/esp/esp-idf/components/esp_wifi /root/esp/esp-idf/components/espcoredump /a0/usr/projects/zclaw/managed_components/espressif__cjson /root/esp/esp-idf/components/esptool_py /root/esp/esp-idf/components/fatfs /root/esp/esp-idf/components/freertos /root/esp/esp-idf/components/hal /root/esp/esp-idf/components/heap /root/esp/esp-idf/components/http_parser /root/esp/esp-idf/components/ieee802154 /root/esp/esp-idf/components/log /root/esp/esp-idf/components/lwip /a0/usr/projects/zclaw/main /root/esp/esp-idf/components/mbedtls /root/esp/esp-idf/components/nvs_flash /root/esp/esp-idf/components/nvs_sec_provider /root/esp/esp-idf/components/openthread /root/esp/esp-idf/components/partition_table /root/esp/esp-idf/components/perfmon /root/esp/esp-idf/components/protobuf-c /root/esp/esp-idf/components/protocomm /root/esp/esp-idf/components/pthread /root/esp/esp-idf/components/rt /root/esp/esp-idf/components/sdmmc /root/esp/esp-idf/components/soc /root/esp/esp-idf/components/spi_flash /root/esp/esp-idf/components/spiffs /root/esp/esp-idf/components/tcp_transport /root/esp/esp-idf/components/ulp /root/esp/esp-idf/components/unity /root/esp/esp-idf/components/vfs /root/esp/esp-idf/components/wear_levelling /root/esp/esp-idf/components/wpa_supplicant /root/esp/esp-idf/components/xtensa
-- Configuring done (28.3s)
-- Generating done (2.8s)
-- Build files have been written to: /a0/usr/projects/zclaw/build
Running ninja in directory /a0/usr/projects/zclaw/build
Executing "ninja all"...
[1/1075] Generating project_elf_src_esp32.c
[2/1075] Preprocessing linker script /root/esp/esp-idf/components/esp_system/ld/esp32/memory.ld.in -> /a0/usr/projects/zclaw/build/esp-idf/esp_system/ld/memory.ld
[3/1075] Preprocessing linker script /root/esp/esp-idf/components/esp_system/ld/esp32/sections.ld.in -> /a0/usr/projects/zclaw/build/esp-idf/esp_system/ld/sections.ld.in
[4/1075] Generating ../../ota_data_initial.bin
[5/1075] Generating ../../partition_table/partition-table.bin
Partition table binary generated. Contents:
*******************************************************************************
# ESP-IDF Partition Table
# Name, Type, SubType, Offset, Size, Flags
nvs,data,nvs,0x9000,16K,
nvs_key,data,nvs_keys,0xd000,4K,
otadata,data,ota,0xe000,8K,
phy_init,data,phy,0x10000,4K,
ota_0,app,ota_0,0x20000,1472K,
ota_1,app,ota_1,0x190000,1472K,
*******************************************************************************
[6/1075] Building C object esp-idf/esp_http_server/CMakeFiles/__idf_esp_http_server.dir/src/httpd_sess.c.obj
[7/1075] Building C object esp-idf/esp_http_server/CMakeFiles/__idf_esp_http_server.dir/src/httpd_main.c.obj
[8/1075] Building C object esp-idf/esp_http_server/CMakeFiles/__idf_esp_http_server.dir/src/httpd_parse.c.obj
[9/1075] Building C object esp-idf/esp_http_server/CMakeFiles/__idf_esp_http_server.dir/src/httpd_txrx.c.obj
[10/1075] Building C object esp-idf/esp_http_server/CMakeFiles/__idf_esp_http_server.dir/src/httpd_uri.c.obj
[11/1075] Building C object esp-idf/esp_https_ota/CMakeFiles/__idf_esp_https_ota.dir/src/esp_https_ota.c.obj
[12/1075] Building C object esp-idf/esp_http_server/CMakeFiles/__idf_esp_http_server.dir/src/httpd_ws.c.obj
[13/1075] Linking C static library esp-idf/esp_https_ota/libesp_https_ota.a
[14/1075] Building C object esp-idf/esp_http_server/CMakeFiles/__idf_esp_http_server.dir/src/util/ctrl_sock.c.obj
[15/1075] Building C object esp-idf/esp_http_client/CMakeFiles/__idf_esp_http_client.dir/lib/http_auth.c.obj
[16/1075] Linking C static library esp-idf/esp_http_server/libesp_http_server.a
[17/1075] Building C object esp-idf/esp_http_client/CMakeFiles/__idf_esp_http_client.dir/lib/http_utils.c.obj
[18/1075] Building C object esp-idf/esp_http_client/CMakeFiles/__idf_esp_http_client.dir/lib/http_header.c.obj
[19/1075] Building C object esp-idf/tcp_transport/CMakeFiles/__idf_tcp_transport.dir/transport.c.obj
[20/1075] Building C object esp-idf/tcp_transport/CMakeFiles/__idf_tcp_transport.dir/transport_internal.c.obj
[21/1075] Building C object esp-idf/tcp_transport/CMakeFiles/__idf_tcp_transport.dir/transport_socks_proxy.c.obj
[22/1075] Building C object esp-idf/esp_adc/CMakeFiles/__idf_esp_adc.dir/adc_cali.c.obj
[23/1075] Building C object esp-idf/esp_adc/CMakeFiles/__idf_esp_adc.dir/adc_cali_curve_fitting.c.obj
[24/1075] Building C object esp-idf/esp_adc/CMakeFiles/__idf_esp_adc.dir/adc_common.c.obj
[25/1075] Building C object esp-idf/esp_adc/CMakeFiles/__idf_esp_adc.dir/adc_oneshot.c.obj
[26/1075] Building C object esp-idf/tcp_transport/CMakeFiles/__idf_tcp_transport.dir/transport_ssl.c.obj
[27/1075] Building C object esp-idf/esp_adc/CMakeFiles/__idf_esp_adc.dir/esp32/adc_cali_line_fitting.c.obj
[28/1075] Building C object esp-idf/esp_adc/CMakeFiles/__idf_esp_adc.dir/esp32/adc_dma.c.obj
[29/1075] Building C object esp-idf/tcp_transport/CMakeFiles/__idf_tcp_transport.dir/transport_ws.c.obj
[30/1075] Building C object esp-idf/esp_driver_i2s/CMakeFiles/__idf_esp_driver_i2s.dir/i2s_platform.c.obj
[31/1075] Building C object esp-idf/esp_http_client/CMakeFiles/__idf_esp_http_client.dir/esp_http_client.c.obj
[32/1075] Building C object esp-idf/esp_adc/CMakeFiles/__idf_esp_adc.dir/adc_continuous.c.obj
[33/1075] Linking C static library esp-idf/esp_http_client/libesp_http_client.a
[34/1075] Building C object esp-idf/esp_driver_i2s/CMakeFiles/__idf_esp_driver_i2s.dir/i2s_std.c.obj
[35/1075] Linking C static library esp-idf/tcp_transport/libtcp_transport.a
[36/1075] Building C object esp-idf/esp-tls/CMakeFiles/__idf_esp-tls.dir/esp-tls-crypto/esp_tls_crypto.c.obj
[37/1075] Linking C static library esp-idf/esp_adc/libesp_adc.a
[38/1075] Building C object esp-idf/esp-tls/CMakeFiles/__idf_esp-tls.dir/esp_tls_platform_port.c.obj
[39/1075] Building C object esp-idf/esp-tls/CMakeFiles/__idf_esp-tls.dir/esp_tls_error_capture.c.obj
[40/1075] Building C object esp-idf/esp_driver_i2s/CMakeFiles/__idf_esp_driver_i2s.dir/i2s_pdm.c.obj
[41/1075] Building C object esp-idf/esp_hal_i2c/CMakeFiles/__idf_esp_hal_i2c.dir/i2c_hal_iram.c.obj
[42/1075] Building C object esp-idf/esp_hal_i2c/CMakeFiles/__idf_esp_hal_i2c.dir/i2c_hal.c.obj
[43/1075] Building C object esp-idf/esp_hal_i2c/CMakeFiles/__idf_esp_hal_i2c.dir/esp32/i2c_periph.c.obj
[44/1075] Building C object esp-idf/esp_driver_i2s/CMakeFiles/__idf_esp_driver_i2s.dir/i2s_common.c.obj
[45/1075] Building C object esp-idf/esp-tls/CMakeFiles/__idf_esp-tls.dir/esp_tls.c.obj
[46/1075] Linking C static library esp-idf/esp_driver_i2s/libesp_driver_i2s.a
[47/1075] Building C object esp-idf/esp_gdbstub/CMakeFiles/__idf_esp_gdbstub.dir/src/gdbstub_transport.c.obj
[48/1075] Building C object esp-idf/esp_gdbstub/CMakeFiles/__idf_esp_gdbstub.dir/src/packet.c.obj
[49/1075] Building ASM object esp-idf/esp_gdbstub/CMakeFiles/__idf_esp_gdbstub.dir/src/port/xtensa/gdbstub-entry.S.obj
[50/1075] Building ASM object esp-idf/esp_gdbstub/CMakeFiles/__idf_esp_gdbstub.dir/src/port/xtensa/xt_debugexception.S.obj
[51/1075] Building C object esp-idf/esp_gdbstub/CMakeFiles/__idf_esp_gdbstub.dir/src/port/xtensa/gdbstub_xtensa.c.obj
[52/1075] Building C object esp-idf/esp-tls/CMakeFiles/__idf_esp-tls.dir/esp_tls_mbedtls.c.obj
[53/1075] Linking C static library esp-idf/esp-tls/libesp-tls.a
[54/1075] Building C object esp-idf/esp_gdbstub/CMakeFiles/__idf_esp_gdbstub.dir/src/gdbstub.c.obj
[55/1075] Building C object esp-idf/esp_wifi/CMakeFiles/__idf_esp_wifi.dir/src/lib_printf.c.obj
[56/1075] Building C object esp-idf/esp_wifi/CMakeFiles/__idf_esp_wifi.dir/src/mesh_event.c.obj
[57/1075] Building C object esp-idf/esp_wifi/CMakeFiles/__idf_esp_wifi.dir/src/smartconfig.c.obj
[58/1075] Building C object esp-idf/esp_wifi/CMakeFiles/__idf_esp_wifi.dir/src/wifi_netif.c.obj
[59/1075] Building C object esp-idf/esp_wifi/CMakeFiles/__idf_esp_wifi.dir/src/wifi_default_ap.c.obj
[60/1075] Building C object esp-idf/esp_wifi/CMakeFiles/__idf_esp_wifi.dir/src/wifi_init.c.obj
[61/1075] Building C object esp-idf/esp_wifi/CMakeFiles/__idf_esp_wifi.dir/regulatory/esp_wifi_regulatory.c.obj
[62/1075] Building C object esp-idf/esp_wifi/CMakeFiles/__idf_esp_wifi.dir/remote/esp_eap_client_remote_weak.c.obj
[63/1075] Building C object esp-idf/esp_wifi/CMakeFiles/__idf_esp_wifi.dir/src/smartconfig_ack.c.obj
[64/1075] Building C object esp-idf/esp_wifi/CMakeFiles/__idf_esp_wifi.dir/esp32/esp_adapter.c.obj
[65/1075] Building C object esp-idf/esp_coex/CMakeFiles/__idf_esp_coex.dir/src/coexist_debug_diagram.c.obj
[66/1075] Building C object esp-idf/esp_wifi/CMakeFiles/__idf_esp_wifi.dir/src/wifi_default.c.obj
[67/1075] Building C object esp-idf/esp_coex/CMakeFiles/__idf_esp_coex.dir/src/coexist_debug.c.obj
[68/1075] Building C object esp-idf/wpa_supplicant/CMakeFiles/__idf_wpa_supplicant.dir/port/os_xtensa.c.obj
[69/1075] Building C object esp-idf/esp_coex/CMakeFiles/__idf_esp_coex.dir/esp32/esp_coex_adapter.c.obj
[70/1075] Building C object esp-idf/esp_wifi/CMakeFiles/__idf_esp_wifi.dir/remote/esp_wifi_remote_net2.c.obj
[71/1075] Building C object esp-idf/wpa_supplicant/CMakeFiles/__idf_wpa_supplicant.dir/src/ap/ap_config.c.obj
[72/1075] Building C object esp-idf/esp_wifi/CMakeFiles/__idf_esp_wifi.dir/remote/esp_wifi_remote_weak.c.obj
[73/1075] Building C object esp-idf/wpa_supplicant/CMakeFiles/__idf_wpa_supplicant.dir/port/eloop.c.obj
[74/1075] Building C object esp-idf/http_parser/CMakeFiles/__idf_http_parser.dir/http_parser.c.obj
[75/1075] Linking C static library esp-idf/http_parser/libhttp_parser.a
[76/1075] Linking C static library esp-idf/esp_hal_i2c/libesp_hal_i2c.a
[77/1075] Building C object esp-idf/wpa_supplicant/CMakeFiles/__idf_wpa_supplicant.dir/src/ap/ieee802_1x.c.obj
[78/1075] Linking C static library esp-idf/esp_gdbstub/libesp_gdbstub.a
[79/1075] Linking C static library esp-idf/esp_wifi/libesp_wifi.a
[80/1075] Building C object esp-idf/wpa_supplicant/CMakeFiles/__idf_wpa_supplicant.dir/src/ap/pmksa_cache_auth.c.obj
[81/1075] Building C object esp-idf/wpa_supplicant/CMakeFiles/__idf_wpa_supplicant.dir/src/ap/sta_info.c.obj
[82/1075] Building C object esp-idf/wpa_supplicant/CMakeFiles/__idf_wpa_supplicant.dir/src/common/sae.c.obj
[83/1075] Building C object esp-idf/wpa_supplicant/CMakeFiles/__idf_wpa_supplicant.dir/src/ap/wpa_auth_ie.c.obj
[84/1075] Building C object esp-idf/wpa_supplicant/CMakeFiles/__idf_wpa_supplicant.dir/src/ap/ieee802_11.c.obj
[85/1075] Building C object esp-idf/wpa_supplicant/CMakeFiles/__idf_wpa_supplicant.dir/src/ap/comeback_token.c.obj
[86/1075] Building C object esp-idf/wpa_supplicant/CMakeFiles/__idf_wpa_supplicant.dir/src/common/dragonfly.c.obj
[87/1075] Building C object esp-idf/wpa_supplicant/CMakeFiles/__idf_wpa_supplicant.dir/src/utils/bitfield.c.obj
[88/1075] Building C object esp-idf/wpa_supplicant/CMakeFiles/__idf_wpa_supplicant.dir/src/crypto/sha256-kdf.c.obj
[89/1075] Building C object esp-idf/wpa_supplicant/CMakeFiles/__idf_wpa_supplicant.dir/src/crypto/aes-siv.c.obj
[90/1075] Building C object esp-idf/wpa_supplicant/CMakeFiles/__idf_wpa_supplicant.dir/src/crypto/ccmp.c.obj
[91/1075] Building C object esp-idf/wpa_supplicant/CMakeFiles/__idf_wpa_supplicant.dir/src/crypto/aes-gcm.c.obj
[92/1075] Building C object esp-idf/wpa_supplicant/CMakeFiles/__idf_wpa_supplicant.dir/src/ap/wpa_auth.c.obj
[93/1075] Building C object esp-idf/wpa_supplicant/CMakeFiles/__idf_wpa_supplicant.dir/src/crypto/crypto_ops.c.obj
[94/1075] Building C object esp-idf/wpa_supplicant/CMakeFiles/__idf_wpa_supplicant.dir/src/crypto/dh_group5.c.obj
[95/1075] Building C object esp-idf/wpa_supplicant/CMakeFiles/__idf_wpa_supplicant.dir/src/common/wpa_common.c.obj
[96/1075] Building C object esp-idf/wpa_supplicant/CMakeFiles/__idf_wpa_supplicant.dir/src/crypto/dh_groups.c.obj
[97/1075] Building C object esp-idf/wpa_supplicant/CMakeFiles/__idf_wpa_supplicant.dir/src/crypto/sha1-tlsprf.c.obj
[98/1075] Building C object esp-idf/wpa_supplicant/CMakeFiles/__idf_wpa_supplicant.dir/src/crypto/sha256-tlsprf.c.obj
[99/1075] Building C object esp-idf/wpa_supplicant/CMakeFiles/__idf_wpa_supplicant.dir/src/crypto/ms_funcs.c.obj
[100/1075] Building C object esp-idf/wpa_supplicant/CMakeFiles/__idf_wpa_supplicant.dir/src/crypto/sha256-prf.c.obj
[101/1075] Building C object esp-idf/wpa_supplicant/CMakeFiles/__idf_wpa_supplicant.dir/src/crypto/sha384-tlsprf.c.obj
[102/1075] Building C object esp-idf/wpa_supplicant/CMakeFiles/__idf_wpa_supplicant.dir/src/crypto/sha384-prf.c.obj
[103/1075] Building C object esp-idf/wpa_supplicant/CMakeFiles/__idf_wpa_supplicant.dir/src/crypto/md4-internal.c.obj
[104/1075] Building C object esp-idf/wpa_supplicant/CMakeFiles/__idf_wpa_supplicant.dir/src/crypto/sha1-prf.c.obj
[105/1075] Building C object esp-idf/wpa_supplicant/CMakeFiles/__idf_wpa_supplicant.dir/src/eap_common/eap_wsc_common.c.obj
[106/1075] Building C object esp-idf/wpa_supplicant/CMakeFiles/__idf_wpa_supplicant.dir/src/crypto/sha1-tprf.c.obj
[107/1075] Building C object esp-idf/wpa_supplicant/CMakeFiles/__idf_wpa_supplicant.dir/src/eap_peer/chap.c.obj
[108/1075] Building C object esp-idf/wpa_supplicant/CMakeFiles/__idf_wpa_supplicant.dir/src/eap_peer/eap_common.c.obj
[109/1075] Building C object esp-idf/wpa_supplicant/CMakeFiles/__idf_wpa_supplicant.dir/src/common/ieee802_11_common.c.obj
[110/1075] Building C object esp-idf/wpa_supplicant/CMakeFiles/__idf_wpa_supplicant.dir/src/eap_peer/eap_tls.c.obj
[111/1075] Building C object esp-idf/wpa_supplicant/CMakeFiles/__idf_wpa_supplicant.dir/src/eap_peer/eap_peap_common.c.obj
[112/1075] Building C object esp-idf/wpa_supplicant/CMakeFiles/__idf_wpa_supplicant.dir/src/eap_peer/eap_mschapv2.c.obj
[113/1075] Building C object esp-idf/wpa_supplicant/CMakeFiles/__idf_wpa_supplicant.dir/src/eap_peer/eap.c.obj
[114/1075] Building C object esp-idf/wpa_supplicant/CMakeFiles/__idf_wpa_supplicant.dir/src/eap_peer/mschapv2.c.obj
[115/1075] Building C object esp-idf/wpa_supplicant/CMakeFiles/__idf_wpa_supplicant.dir/src/eap_peer/eap_tls_common.c.obj
[116/1075] Building C object esp-idf/wpa_supplicant/CMakeFiles/__idf_wpa_supplicant.dir/src/eap_peer/eap_fast_common.c.obj
[117/1075] Building C object esp-idf/wpa_supplicant/CMakeFiles/__idf_wpa_supplicant.dir/src/eap_peer/eap_peap.c.obj
[118/1075] Building C object esp-idf/wpa_supplicant/CMakeFiles/__idf_wpa_supplicant.dir/src/eap_peer/eap_ttls.c.obj
[119/1075] Building C object esp-idf/wpa_supplicant/CMakeFiles/__idf_wpa_supplicant.dir/src/rsn_supp/wpa_ie.c.obj
[120/1075] Building C object esp-idf/wpa_supplicant/CMakeFiles/__idf_wpa_supplicant.dir/src/utils/base64.c.obj
[121/1075] Building C object esp-idf/wpa_supplicant/CMakeFiles/__idf_wpa_supplicant.dir/src/eap_peer/eap_fast_pac.c.obj
[122/1075] Building C object esp-idf/wpa_supplicant/CMakeFiles/__idf_wpa_supplicant.dir/src/rsn_supp/pmksa_cache.c.obj
[123/1075] Building C object esp-idf/wpa_supplicant/CMakeFiles/__idf_wpa_supplicant.dir/src/utils/ext_password.c.obj
[124/1075] Building C object esp-idf/wpa_supplicant/CMakeFiles/__idf_wpa_supplicant.dir/src/utils/wpa_debug.c.obj
[125/1075] Building C object esp-idf/wpa_supplicant/CMakeFiles/__idf_wpa_supplicant.dir/src/utils/common.c.obj
[126/1075] Building C object esp-idf/wpa_supplicant/CMakeFiles/__idf_wpa_supplicant.dir/src/eap_peer/eap_fast.c.obj
[127/1075] Building C object esp-idf/wpa_supplicant/CMakeFiles/__idf_wpa_supplicant.dir/src/utils/uuid.c.obj
[128/1075] Building C object esp-idf/wpa_supplicant/CMakeFiles/__idf_wpa_supplicant.dir/src/utils/wpabuf.c.obj
[129/1075] Building C object esp-idf/wpa_supplicant/CMakeFiles/__idf_wpa_supplicant.dir/src/wps/wps.c.obj
[130/1075] Building C object esp-idf/wpa_supplicant/CMakeFiles/__idf_wpa_supplicant.dir/src/wps/wps_attr_process.c.obj
[131/1075] Building C object esp-idf/wpa_supplicant/CMakeFiles/__idf_wpa_supplicant.dir/src/utils/json.c.obj
[132/1075] Building C object esp-idf/wpa_supplicant/CMakeFiles/__idf_wpa_supplicant.dir/src/wps/wps_attr_build.c.obj
[133/1075] Building C object esp-idf/wpa_supplicant/CMakeFiles/__idf_wpa_supplicant.dir/src/wps/wps_dev_attr.c.obj
[134/1075] Building C object esp-idf/wpa_supplicant/CMakeFiles/__idf_wpa_supplicant.dir/src/rsn_supp/wpa.c.obj
[135/1075] Building C object esp-idf/wpa_supplicant/CMakeFiles/__idf_wpa_supplicant.dir/src/wps/wps_attr_parse.c.obj
[136/1075] Building C object esp-idf/wpa_supplicant/CMakeFiles/__idf_wpa_supplicant.dir/esp_supplicant/src/esp_wpa2_api_port.c.obj
[137/1075] Building C object esp-idf/wpa_supplicant/CMakeFiles/__idf_wpa_supplicant.dir/src/wps/wps_common.c.obj
[138/1075] Building C object esp-idf/wpa_supplicant/CMakeFiles/__idf_wpa_supplicant.dir/esp_supplicant/src/esp_wpas_glue.c.obj
[139/1075] Building C object esp-idf/wpa_supplicant/CMakeFiles/__idf_wpa_supplicant.dir/esp_supplicant/src/esp_common.c.obj
[140/1075] Building C object esp-idf/wpa_supplicant/CMakeFiles/__idf_wpa_supplicant.dir/esp_supplicant/src/esp_wpa3.c.obj
[141/1075] Building C object esp-idf/wpa_supplicant/CMakeFiles/__idf_wpa_supplicant.dir/esp_supplicant/src/esp_owe.c.obj
[142/1075] Building C object esp-idf/wpa_supplicant/CMakeFiles/__idf_wpa_supplicant.dir/esp_supplicant/src/esp_wpa_main.c.obj
[143/1075] Building C object esp-idf/wpa_supplicant/CMakeFiles/__idf_wpa_supplicant.dir/src/wps/wps_enrollee.c.obj
[144/1075] Building C object esp-idf/wpa_supplicant/CMakeFiles/__idf_wpa_supplicant.dir/esp_supplicant/src/esp_eap_client.c.obj
[145/1075] Building C object esp-idf/wpa_supplicant/CMakeFiles/__idf_wpa_supplicant.dir/esp_supplicant/src/esp_hostap.c.obj
[146/1075] Building C object esp-idf/wpa_supplicant/CMakeFiles/__idf_wpa_supplicant.dir/src/tls/asn1.c.obj
[147/1075] Building C object esp-idf/wpa_supplicant/CMakeFiles/__idf_wpa_supplicant.dir/src/tls/pkcs8.c.obj
[148/1075] Building C object esp-idf/wpa_supplicant/CMakeFiles/__idf_wpa_supplicant.dir/src/tls/pkcs1.c.obj
[149/1075] Building C object esp-idf/wpa_supplicant/CMakeFiles/__idf_wpa_supplicant.dir/src/tls/pkcs5.c.obj
[150/1075] Building C object esp-idf/wpa_supplicant/CMakeFiles/__idf_wpa_supplicant.dir/src/crypto/tls_internal.c.obj
[151/1075] Building C object esp-idf/wpa_supplicant/CMakeFiles/__idf_wpa_supplicant.dir/src/tls/rsa.c.obj
[152/1075] Building C object esp-idf/wpa_supplicant/CMakeFiles/__idf_wpa_supplicant.dir/esp_supplicant/src/esp_wps.c.obj
[153/1075] Building C object esp-idf/wpa_supplicant/CMakeFiles/__idf_wpa_supplicant.dir/src/tls/tlsv1_client.c.obj
[154/1075] Building C object esp-idf/wpa_supplicant/CMakeFiles/__idf_wpa_supplicant.dir/src/tls/tlsv1_common.c.obj
[155/1075] Building C object esp-idf/wpa_supplicant/CMakeFiles/__idf_wpa_supplicant.dir/src/tls/tlsv1_client_write.c.obj
[156/1075] Building C object esp-idf/wpa_supplicant/CMakeFiles/__idf_wpa_supplicant.dir/src/tls/bignum.c.obj
[157/1075] Building C object esp-idf/wpa_supplicant/CMakeFiles/__idf_wpa_supplicant.dir/src/tls/tlsv1_cred.c.obj
[158/1075] Building C object esp-idf/wpa_supplicant/CMakeFiles/__idf_wpa_supplicant.dir/src/tls/tlsv1_record.c.obj
[159/1075] Building C object esp-idf/wpa_supplicant/CMakeFiles/__idf_wpa_supplicant.dir/src/tls/tlsv1_client_read.c.obj
[160/1075] Building C object esp-idf/wpa_supplicant/CMakeFiles/__idf_wpa_supplicant.dir/esp_supplicant/src/crypto/crypto_mbedtls-rsa.c.obj
[161/1075] Building C object esp-idf/wpa_supplicant/CMakeFiles/__idf_wpa_supplicant.dir/src/tls/x509v3.c.obj
[162/1075] Building C object esp-idf/wpa_supplicant/CMakeFiles/__idf_wpa_supplicant.dir/src/tls/tlsv1_client_ocsp.c.obj
[163/1075] Building C object esp-idf/wpa_supplicant/CMakeFiles/__idf_wpa_supplicant.dir/src/crypto/rc4.c.obj
[164/1075] Building C object esp-idf/wpa_supplicant/CMakeFiles/__idf_wpa_supplicant.dir/esp_supplicant/src/crypto/crypto_mbedtls.c.obj
[165/1075] Building C object esp-idf/wpa_supplicant/CMakeFiles/__idf_wpa_supplicant.dir/esp_supplicant/src/crypto/fastpbkdf2.c.obj
[166/1075] Building C object esp-idf/wpa_supplicant/CMakeFiles/__idf_wpa_supplicant.dir/src/crypto/aes-wrap.c.obj
[167/1075] Building C object esp-idf/wpa_supplicant/CMakeFiles/__idf_wpa_supplicant.dir/src/crypto/des-internal.c.obj
[168/1075] Linking C static library esp-idf/esp_coex/libesp_coex.a
[169/1075] Building C object esp-idf/wpa_supplicant/CMakeFiles/__idf_wpa_supplicant.dir/esp_supplicant/src/crypto/crypto_mbedtls-bignum.c.obj
[170/1075] Building C object esp-idf/wpa_supplicant/CMakeFiles/__idf_wpa_supplicant.dir/src/crypto/aes-unwrap.c.obj
[171/1075] Building C object esp-idf/esp_netif/CMakeFiles/__idf_esp_netif.dir/esp_netif_handlers.c.obj
[172/1075] Building C object esp-idf/esp_netif/CMakeFiles/__idf_esp_netif.dir/esp_netif_defaults.c.obj
[173/1075] Building C object esp-idf/esp_netif/CMakeFiles/__idf_esp_netif.dir/esp_netif_objects.c.obj
[174/1075] Building C object esp-idf/wpa_supplicant/CMakeFiles/__idf_wpa_supplicant.dir/src/crypto/aes-ccm.c.obj
[175/1075] Building C object esp-idf/esp_netif/CMakeFiles/__idf_esp_netif.dir/lwip/netif/wlanif.c.obj
[176/1075] Building C object esp-idf/esp_netif/CMakeFiles/__idf_esp_netif.dir/lwip/esp_netif_lwip_defaults.c.obj
[177/1075] Building C object esp-idf/esp_netif/CMakeFiles/__idf_esp_netif.dir/lwip/esp_netif_sntp.c.obj
[178/1075] Building C object esp-idf/esp_netif/CMakeFiles/__idf_esp_netif.dir/lwip/netif/ethernetif.c.obj
[179/1075] Building C object esp-idf/esp_netif/CMakeFiles/__idf_esp_netif.dir/lwip/netif/esp_pbuf_ref.c.obj
[180/1075] Building C object esp-idf/wpa_supplicant/CMakeFiles/__idf_wpa_supplicant.dir/esp_supplicant/src/crypto/crypto_mbedtls-ec.c.obj
[181/1075] Building C object esp-idf/lwip/CMakeFiles/__idf_lwip.dir/apps/sntp/sntp.c.obj
[182/1075] Building C object esp-idf/lwip/CMakeFiles/__idf_lwip.dir/lwip/src/api/err.c.obj
[183/1075] Linking C static library esp-idf/wpa_supplicant/libwpa_supplicant.a
[184/1075] Building C object esp-idf/lwip/CMakeFiles/__idf_lwip.dir/lwip/src/api/netbuf.c.obj
[185/1075] Building C object esp-idf/lwip/CMakeFiles/__idf_lwip.dir/lwip/src/api/if_api.c.obj
[186/1075] Building C object esp-idf/lwip/CMakeFiles/__idf_lwip.dir/lwip/src/api/api_lib.c.obj
[187/1075] Building C object esp-idf/lwip/CMakeFiles/__idf_lwip.dir/lwip/src/api/netdb.c.obj
[188/1075] Building C object esp-idf/lwip/CMakeFiles/__idf_lwip.dir/lwip/src/api/netifapi.c.obj
[189/1075] Building C object esp-idf/lwip/CMakeFiles/__idf_lwip.dir/lwip/src/api/api_msg.c.obj
[190/1075] Building C object esp-idf/lwip/CMakeFiles/__idf_lwip.dir/lwip/src/apps/sntp/sntp.c.obj
[191/1075] Building C object esp-idf/lwip/CMakeFiles/__idf_lwip.dir/lwip/src/apps/netbiosns/netbiosns.c.obj
[192/1075] Building C object esp-idf/lwip/CMakeFiles/__idf_lwip.dir/lwip/src/api/tcpip.c.obj
[193/1075] Building C object esp-idf/lwip/CMakeFiles/__idf_lwip.dir/lwip/src/core/def.c.obj
[194/1075] Building C object esp-idf/esp_netif/CMakeFiles/__idf_esp_netif.dir/lwip/esp_netif_lwip.c.obj
[195/1075] Building C object esp-idf/lwip/CMakeFiles/__idf_lwip.dir/lwip/src/core/init.c.obj
[196/1075] Building C object esp-idf/lwip/CMakeFiles/__idf_lwip.dir/lwip/src/core/ip.c.obj
[197/1075] Building C object esp-idf/lwip/CMakeFiles/__idf_lwip.dir/lwip/src/core/inet_chksum.c.obj
[198/1075] Building C object esp-idf/lwip/CMakeFiles/__idf_lwip.dir/lwip/src/core/memp.c.obj
[199/1075] Building C object esp-idf/lwip/CMakeFiles/__idf_lwip.dir/lwip/src/core/mem.c.obj
[200/1075] Building C object esp-idf/lwip/CMakeFiles/__idf_lwip.dir/lwip/src/core/netif.c.obj
[201/1075] Building C object esp-idf/lwip/CMakeFiles/__idf_lwip.dir/lwip/src/core/dns.c.obj
[202/1075] Building C object esp-idf/lwip/CMakeFiles/__idf_lwip.dir/lwip/src/core/stats.c.obj
[203/1075] Building C object esp-idf/lwip/CMakeFiles/__idf_lwip.dir/lwip/src/core/raw.c.obj
[204/1075] Building C object esp-idf/lwip/CMakeFiles/__idf_lwip.dir/lwip/src/core/sys.c.obj
[205/1075] Building C object esp-idf/lwip/CMakeFiles/__idf_lwip.dir/lwip/src/core/timeouts.c.obj
[206/1075] Building C object esp-idf/lwip/CMakeFiles/__idf_lwip.dir/lwip/src/core/pbuf.c.obj
[207/1075] Building C object esp-idf/lwip/CMakeFiles/__idf_lwip.dir/lwip/src/core/ipv4/autoip.c.obj
[208/1075] Building C object esp-idf/lwip/CMakeFiles/__idf_lwip.dir/lwip/src/api/sockets.c.obj
[209/1075] Building C object esp-idf/lwip/CMakeFiles/__idf_lwip.dir/lwip/src/core/tcp_out.c.obj
[210/1075] Building C object esp-idf/lwip/CMakeFiles/__idf_lwip.dir/lwip/src/core/udp.c.obj
[211/1075] Building C object esp-idf/lwip/CMakeFiles/__idf_lwip.dir/lwip/src/core/ipv4/icmp.c.obj
[212/1075] Building C object esp-idf/lwip/CMakeFiles/__idf_lwip.dir/lwip/src/core/ipv4/etharp.c.obj
[213/1075] Building C object esp-idf/lwip/CMakeFiles/__idf_lwip.dir/lwip/src/core/tcp.c.obj
[214/1075] Building C object esp-idf/lwip/CMakeFiles/__idf_lwip.dir/lwip/src/core/ipv4/ip4_napt.c.obj
[215/1075] Building C object esp-idf/lwip/CMakeFiles/__idf_lwip.dir/lwip/src/core/tcp_in.c.obj
[216/1075] Building C object esp-idf/lwip/CMakeFiles/__idf_lwip.dir/lwip/src/core/ipv4/igmp.c.obj
[217/1075] Building C object esp-idf/lwip/CMakeFiles/__idf_lwip.dir/lwip/src/core/ipv4/ip4.c.obj
[218/1075] Building C object esp-idf/lwip/CMakeFiles/__idf_lwip.dir/lwip/src/core/ipv4/ip4_frag.c.obj
[219/1075] Building C object esp-idf/lwip/CMakeFiles/__idf_lwip.dir/lwip/src/core/ipv6/ethip6.c.obj
[220/1075] Building C object esp-idf/lwip/CMakeFiles/__idf_lwip.dir/lwip/src/core/ipv4/ip4_addr.c.obj
[221/1075] Building C object esp-idf/lwip/CMakeFiles/__idf_lwip.dir/lwip/src/core/ipv6/dhcp6.c.obj
[222/1075] Building C object esp-idf/lwip/CMakeFiles/__idf_lwip.dir/lwip/src/core/ipv6/icmp6.c.obj
[223/1075] Building C object esp-idf/lwip/CMakeFiles/__idf_lwip.dir/lwip/src/core/ipv6/inet6.c.obj
[224/1075] Building C object esp-idf/lwip/CMakeFiles/__idf_lwip.dir/lwip/src/core/ipv6/ip6.c.obj
[225/1075] Building C object esp-idf/lwip/CMakeFiles/__idf_lwip.dir/lwip/src/core/ipv4/dhcp.c.obj
[226/1075] Building C object esp-idf/lwip/CMakeFiles/__idf_lwip.dir/lwip/src/core/ipv6/ip6_addr.c.obj
[227/1075] Building C object esp-idf/lwip/CMakeFiles/__idf_lwip.dir/lwip/src/core/ipv6/mld6.c.obj
[228/1075] Building C object esp-idf/lwip/CMakeFiles/__idf_lwip.dir/lwip/src/core/ipv6/ip6_frag.c.obj
[229/1075] Building C object esp-idf/lwip/CMakeFiles/__idf_lwip.dir/lwip/src/core/ipv6/nd6.c.obj
[230/1075] Building C object esp-idf/lwip/CMakeFiles/__idf_lwip.dir/lwip/src/netif/ethernet.c.obj
[231/1075] Building C object esp-idf/lwip/CMakeFiles/__idf_lwip.dir/lwip/src/netif/bridgeif.c.obj
[232/1075] Building C object esp-idf/lwip/CMakeFiles/__idf_lwip.dir/lwip/src/netif/bridgeif_fdb.c.obj
[233/1075] Building C object esp-idf/lwip/CMakeFiles/__idf_lwip.dir/lwip/src/netif/ppp/auth.c.obj
[234/1075] Building C object esp-idf/lwip/CMakeFiles/__idf_lwip.dir/lwip/src/netif/ppp/ccp.c.obj
[235/1075] Building C object esp-idf/lwip/CMakeFiles/__idf_lwip.dir/lwip/src/netif/slipif.c.obj
[236/1075] Building C object esp-idf/lwip/CMakeFiles/__idf_lwip.dir/lwip/src/netif/ppp/chap-md5.c.obj
[237/1075] Building C object esp-idf/lwip/CMakeFiles/__idf_lwip.dir/lwip/src/netif/ppp/chap-new.c.obj
[238/1075] Building C object esp-idf/lwip/CMakeFiles/__idf_lwip.dir/lwip/src/netif/ppp/ecp.c.obj
[239/1075] Building C object esp-idf/lwip/CMakeFiles/__idf_lwip.dir/lwip/src/netif/ppp/chap_ms.c.obj
[240/1075] Building C object esp-idf/lwip/CMakeFiles/__idf_lwip.dir/lwip/src/netif/ppp/eap.c.obj
[241/1075] Building C object esp-idf/lwip/CMakeFiles/__idf_lwip.dir/lwip/src/netif/ppp/demand.c.obj
[242/1075] Building C object esp-idf/lwip/CMakeFiles/__idf_lwip.dir/lwip/src/netif/ppp/eui64.c.obj
[243/1075] Building C object esp-idf/lwip/CMakeFiles/__idf_lwip.dir/lwip/src/netif/ppp/ipv6cp.c.obj
[244/1075] Building C object esp-idf/lwip/CMakeFiles/__idf_lwip.dir/lwip/src/netif/ppp/ipcp.c.obj
[245/1075] Building C object esp-idf/lwip/CMakeFiles/__idf_lwip.dir/lwip/src/netif/ppp/fsm.c.obj
[246/1075] Building C object esp-idf/lwip/CMakeFiles/__idf_lwip.dir/lwip/src/netif/ppp/lcp.c.obj
[247/1075] Building C object esp-idf/lwip/CMakeFiles/__idf_lwip.dir/lwip/src/netif/ppp/magic.c.obj
[248/1075] Building C object esp-idf/lwip/CMakeFiles/__idf_lwip.dir/lwip/src/netif/ppp/mppe.c.obj
[249/1075] Building C object esp-idf/lwip/CMakeFiles/__idf_lwip.dir/lwip/src/netif/ppp/ppp.c.obj
[250/1075] Building C object esp-idf/lwip/CMakeFiles/__idf_lwip.dir/lwip/src/netif/ppp/multilink.c.obj
[251/1075] Building C object esp-idf/lwip/CMakeFiles/__idf_lwip.dir/lwip/src/netif/ppp/pppos.c.obj
[252/1075] Building C object esp-idf/lwip/CMakeFiles/__idf_lwip.dir/lwip/src/netif/ppp/pppapi.c.obj
[253/1075] Building C object esp-idf/lwip/CMakeFiles/__idf_lwip.dir/lwip/src/netif/ppp/pppol2tp.c.obj
[254/1075] Building C object esp-idf/lwip/CMakeFiles/__idf_lwip.dir/lwip/src/netif/ppp/pppcrypt.c.obj
[255/1075] Building C object esp-idf/lwip/CMakeFiles/__idf_lwip.dir/lwip/src/netif/ppp/pppoe.c.obj
[256/1075] Building C object esp-idf/lwip/CMakeFiles/__idf_lwip.dir/lwip/src/netif/ppp/upap.c.obj
[257/1075] Building C object esp-idf/lwip/CMakeFiles/__idf_lwip.dir/lwip/src/netif/ppp/utils.c.obj
[258/1075] Building C object esp-idf/lwip/CMakeFiles/__idf_lwip.dir/port/hooks/tcp_isn_default.c.obj
[259/1075] Building C object esp-idf/lwip/CMakeFiles/__idf_lwip.dir/lwip/src/netif/ppp/vj.c.obj
[260/1075] Building C object esp-idf/lwip/CMakeFiles/__idf_lwip.dir/port/sockets_ext.c.obj
[261/1075] Building C object esp-idf/lwip/CMakeFiles/__idf_lwip.dir/port/if_index.c.obj
[262/1075] Building C object esp-idf/lwip/CMakeFiles/__idf_lwip.dir/port/debug/lwip_debug.c.obj
[263/1075] Building C object esp-idf/lwip/CMakeFiles/__idf_lwip.dir/port/hooks/lwip_default_hooks.c.obj
[264/1075] Building C object esp-idf/lwip/CMakeFiles/__idf_lwip.dir/port/freertos/sys_arch.c.obj
[265/1075] Building C object esp-idf/lwip/CMakeFiles/__idf_lwip.dir/port/acd_dhcp_check.c.obj
[266/1075] Building C object esp-idf/lwip/CMakeFiles/__idf_lwip.dir/lwip/src/netif/ppp/polarssl/arc4.c.obj
[267/1075] Building C object esp-idf/lwip/CMakeFiles/__idf_lwip.dir/port/esp32xx/vfs_lwip.c.obj
[268/1075] Building C object esp-idf/lwip/CMakeFiles/__idf_lwip.dir/lwip/src/netif/ppp/polarssl/md5.c.obj
[269/1075] Building C object esp-idf/lwip/CMakeFiles/__idf_lwip.dir/lwip/src/netif/ppp/polarssl/des.c.obj
[270/1075] Building C object esp-idf/lwip/CMakeFiles/__idf_lwip.dir/lwip/src/netif/ppp/polarssl/md4.c.obj
[271/1075] Linking C static library esp-idf/esp_netif/libesp_netif.a
[272/1075] Building C object esp-idf/lwip/CMakeFiles/__idf_lwip.dir/lwip/src/netif/ppp/polarssl/sha1.c.obj
[273/1075] Building C object esp-idf/lwip/CMakeFiles/__idf_lwip.dir/apps/ping/ping_sock.c.obj
[274/1075] Building C object esp-idf/vfs/CMakeFiles/__idf_vfs.dir/nullfs.c.obj
[275/1075] Building C object esp-idf/vfs/CMakeFiles/__idf_vfs.dir/vfs_eventfd.c.obj
[276/1075] Building C object esp-idf/esp_phy/CMakeFiles/__idf_esp_phy.dir/src/lib_printf.c.obj
[277/1075] Building C object esp-idf/esp_phy/CMakeFiles/__idf_esp_phy.dir/src/phy_override.c.obj
[278/1075] Building C object esp-idf/vfs/CMakeFiles/__idf_vfs.dir/vfs_calls.c.obj
[279/1075] Building C object esp-idf/esp_phy/CMakeFiles/__idf_esp_phy.dir/esp32/phy_init_data.c.obj
[280/1075] Building C object esp-idf/vfs/CMakeFiles/__idf_vfs.dir/vfs.c.obj
[281/1075] Building C object esp-idf/lwip/CMakeFiles/__idf_lwip.dir/apps/dhcpserver/dhcpserver.c.obj
[282/1075] Building C object esp-idf/vfs/CMakeFiles/__idf_vfs.dir/vfs_semihost.c.obj
[283/1075] Building C object esp-idf/esp_phy/CMakeFiles/__idf_esp_phy.dir/src/btbb_init.c.obj
[284/1075] Building C object esp-idf/esp_phy/CMakeFiles/__idf_esp_phy.dir/src/phy_common.c.obj
[285/1075] Linking C static library esp-idf/lwip/liblwip.a
[286/1075] Building C object esp-idf/esp_phy/CMakeFiles/__idf_esp_phy.dir/src/phy_init.c.obj
[287/1075] Linking C static library esp-idf/vfs/libvfs.a
[288/1075] Building CXX object esp-idf/nvs_flash/CMakeFiles/__idf_nvs_flash.dir/src/nvs_item_hash_list.cpp.obj
[289/1075] Building CXX object esp-idf/nvs_flash/CMakeFiles/__idf_nvs_flash.dir/src/nvs_cxx_api.cpp.obj
[290/1075] Building CXX object esp-idf/nvs_flash/CMakeFiles/__idf_nvs_flash.dir/src/nvs_api.cpp.obj
[291/1075] Building CXX object esp-idf/nvs_flash/CMakeFiles/__idf_nvs_flash.dir/src/nvs_pagemanager.cpp.obj
[292/1075] Building CXX object esp-idf/nvs_flash/CMakeFiles/__idf_nvs_flash.dir/src/nvs_storage.cpp.obj
[293/1075] Building CXX object esp-idf/nvs_flash/CMakeFiles/__idf_nvs_flash.dir/src/nvs_page.cpp.obj
[294/1075] Building CXX object esp-idf/nvs_flash/CMakeFiles/__idf_nvs_flash.dir/src/nvs_partition.cpp.obj
[295/1075] Building CXX object esp-idf/nvs_flash/CMakeFiles/__idf_nvs_flash.dir/src/nvs_platform.cpp.obj
[296/1075] Building CXX object esp-idf/nvs_flash/CMakeFiles/__idf_nvs_flash.dir/src/nvs_partition_lookup.cpp.obj
[297/1075] Building CXX object esp-idf/nvs_flash/CMakeFiles/__idf_nvs_flash.dir/src/nvs_handle_simple.cpp.obj
[298/1075] Building C object esp-idf/nvs_flash/CMakeFiles/__idf_nvs_flash.dir/src/nvs_bootloader.c.obj
[299/1075] Building C object esp-idf/nvs_flash/CMakeFiles/__idf_nvs_flash.dir/src/nvs_bootloader_aes.c.obj
[300/1075] Linking C static library esp-idf/esp_phy/libesp_phy.a
[301/1075] Building C object esp-idf/nvs_flash/CMakeFiles/__idf_nvs_flash.dir/src/nvs_bootloader_xts_aes.c.obj
[302/1075] Building C object esp-idf/nvs_sec_provider/CMakeFiles/__idf_nvs_sec_provider.dir/nvs_sec_provider.c.obj
[303/1075] Building C object esp-idf/esp_event/CMakeFiles/__idf_esp_event.dir/default_event_loop.c.obj
[304/1075] Building C object esp-idf/esp_event/CMakeFiles/__idf_esp_event.dir/esp_event_private.c.obj
[305/1075] Building CXX object esp-idf/nvs_flash/CMakeFiles/__idf_nvs_flash.dir/src/nvs_handle_locked.cpp.obj
[306/1075] Building C object esp-idf/esp_driver_uart/CMakeFiles/__idf_esp_driver_uart.dir/src/uart_wakeup.c.obj
[307/1075] Building C object esp-idf/esp_event/CMakeFiles/__idf_esp_event.dir/esp_event.c.obj
[308/1075] Building CXX object esp-idf/nvs_flash/CMakeFiles/__idf_nvs_flash.dir/src/nvs_types.cpp.obj
[309/1075] Building C object esp-idf/esp_psram/CMakeFiles/__idf_esp_psram.dir/system_layer/esp_psram_mspi.c.obj
[310/1075] Building C object esp-idf/esp_driver_uart/CMakeFiles/__idf_esp_driver_uart.dir/src/uart_vfs.c.obj
[311/1075] Building CXX object esp-idf/nvs_flash/CMakeFiles/__idf_nvs_flash.dir/src/nvs_partition_manager.cpp.obj
[312/1075] Building C object esp-idf/esp_timer/CMakeFiles/__idf_esp_timer.dir/src/esp_timer.c.obj
[313/1075] Building C object esp-idf/esp_timer/CMakeFiles/__idf_esp_timer.dir/src/esp_timer_init.c.obj
[314/1075] Building C object esp-idf/esp_timer/CMakeFiles/__idf_esp_timer.dir/src/system_time.c.obj
[315/1075] Building C object esp-idf/esp_timer/CMakeFiles/__idf_esp_timer.dir/src/ets_timer_legacy.c.obj
[316/1075] Building CXX object esp-idf/nvs_flash/CMakeFiles/__idf_nvs_flash.dir/src/nvs_encrypted_partition.cpp.obj
[317/1075] Building C object esp-idf/esp_timer/CMakeFiles/__idf_esp_timer.dir/src/esp_timer_impl_common.c.obj
[318/1075] Linking C static library esp-idf/nvs_flash/libnvs_flash.a
[319/1075] Linking C static library esp-idf/nvs_sec_provider/libnvs_sec_provider.a
[320/1075] Linking C static library esp-idf/esp_event/libesp_event.a
[321/1075] Building CXX object esp-idf/cxx/CMakeFiles/__idf_cxx.dir/cxx_exception_stubs.cpp.obj
[322/1075] Building CXX object esp-idf/cxx/CMakeFiles/__idf_cxx.dir/cxx_init.cpp.obj
[323/1075] Building C object esp-idf/esp_timer/CMakeFiles/__idf_esp_timer.dir/src/esp_timer_impl_lac.c.obj
[324/1075] Building C object esp-idf/esp_ringbuf/CMakeFiles/__idf_esp_ringbuf.dir/ringbuf.c.obj
[325/1075] Building C object esp-idf/pthread/CMakeFiles/__idf_pthread.dir/pthread_cond_var.c.obj
[326/1075] Building C object esp-idf/pthread/CMakeFiles/__idf_pthread.dir/pthread_local_storage.c.obj
[327/1075] Building C object esp-idf/esp_libc/CMakeFiles/__idf_esp_libc.dir/src/init.c.obj
[328/1075] Building C object esp-idf/pthread/CMakeFiles/__idf_pthread.dir/pthread.c.obj
[329/1075] Building C object esp-idf/pthread/CMakeFiles/__idf_pthread.dir/pthread_rwlock.c.obj
[330/1075] Building C object esp-idf/pthread/CMakeFiles/__idf_pthread.dir/pthread_semaphore.c.obj
[331/1075] Building C object esp-idf/esp_libc/CMakeFiles/__idf_esp_libc.dir/src/assert.c.obj
[332/1075] Building C object esp-idf/esp_libc/CMakeFiles/__idf_esp_libc.dir/src/abort.c.obj
[333/1075] Building C object esp-idf/esp_libc/CMakeFiles/__idf_esp_libc.dir/src/heap.c.obj
[334/1075] Building CXX object esp-idf/cxx/CMakeFiles/__idf_cxx.dir/cxx_guards.cpp.obj
[335/1075] Building C object esp-idf/esp_libc/CMakeFiles/__idf_esp_libc.dir/src/poll.c.obj
[336/1075] Building C object esp-idf/esp_libc/CMakeFiles/__idf_esp_libc.dir/src/pthread.c.obj
[337/1075] Building C object esp-idf/esp_libc/CMakeFiles/__idf_esp_libc.dir/src/random.c.obj
[338/1075] Building C object esp-idf/esp_libc/CMakeFiles/__idf_esp_libc.dir/src/termios.c.obj
[339/1075] Building C object esp-idf/esp_libc/CMakeFiles/__idf_esp_libc.dir/src/getentropy.c.obj
[340/1075] Building C object esp-idf/esp_libc/CMakeFiles/__idf_esp_libc.dir/src/locks.c.obj
[341/1075] Building C object esp-idf/esp_libc/CMakeFiles/__idf_esp_libc.dir/src/sysconf.c.obj
[342/1075] Building C object esp-idf/esp_libc/CMakeFiles/__idf_esp_libc.dir/src/timekeeping.c.obj
[343/1075] Building C object esp-idf/esp_libc/CMakeFiles/__idf_esp_libc.dir/src/realpath.c.obj
[344/1075] Building C object esp-idf/esp_libc/CMakeFiles/__idf_esp_libc.dir/src/reent_syscalls.c.obj
[345/1075] Building C object esp-idf/esp_libc/CMakeFiles/__idf_esp_libc.dir/src/syscalls.c.obj
[346/1075] Building C object esp-idf/esp_libc/CMakeFiles/__idf_esp_libc.dir/src/scandir.c.obj
[347/1075] Building C object esp-idf/esp_libc/CMakeFiles/__idf_esp_libc.dir/src/picolibc/rand.c.obj
[348/1075] Building C object esp-idf/esp_libc/CMakeFiles/__idf_esp_libc.dir/src/stdatomic.c.obj
[349/1075] Building C object esp-idf/esp_libc/CMakeFiles/__idf_esp_libc.dir/src/picolibc/errno.c.obj
[350/1075] Building C object esp-idf/esp_libc/CMakeFiles/__idf_esp_libc.dir/src/picolibc/picolibc_init.c.obj
[351/1075] Building C object esp-idf/esp_libc/CMakeFiles/__idf_esp_libc.dir/src/port/esp_time_impl.c.obj
[352/1075] Building C object esp-idf/esp_libc/CMakeFiles/__idf_esp_libc.dir/src/picolibc/open_memstream.c.obj
[353/1075] Building C object esp-idf/esp_driver_uart/CMakeFiles/__idf_esp_driver_uart.dir/src/uart.c.obj
[354/1075] Building C object esp-idf/esp_libc/CMakeFiles/__idf_esp_libc.dir/src/time.c.obj
[355/1075] Linking C static library esp-idf/esp_driver_uart/libesp_driver_uart.a
[356/1075] Building C object esp-idf/esp_libc/CMakeFiles/__idf_esp_libc.dir/src/picolibc/bufio_setvbuf.c.obj
[357/1075] Building C object esp-idf/esp_libc/CMakeFiles/__idf_esp_libc.dir/src/picolibc/fopencookie.c.obj
[358/1075] Building C object esp-idf/esp_libc/CMakeFiles/__idf_esp_libc.dir/src/picolibc/getreent.c.obj
[359/1075] Linking C static library esp-idf/esp_psram/libesp_psram.a
[360/1075] Linking C static library esp-idf/esp_ringbuf/libesp_ringbuf.a
[361/1075] Building C object esp-idf/freertos/CMakeFiles/__idf_freertos.dir/heap_idf.c.obj
[362/1075] Building C object esp-idf/freertos/CMakeFiles/__idf_freertos.dir/port_systick.c.obj
[363/1075] Building C object esp-idf/freertos/CMakeFiles/__idf_freertos.dir/port_common.c.obj
[364/1075] Building C object esp-idf/freertos/CMakeFiles/__idf_freertos.dir/FreeRTOS-Kernel/list.c.obj
[365/1075] Linking C static library esp-idf/esp_timer/libesp_timer.a
[366/1075] Building C object esp-idf/freertos/CMakeFiles/__idf_freertos.dir/app_startup.c.obj
[367/1075] Linking C static library esp-idf/cxx/libcxx.a
[368/1075] Linking C static library esp-idf/pthread/libpthread.a
[369/1075] Building C object esp-idf/freertos/CMakeFiles/__idf_freertos.dir/FreeRTOS-Kernel/event_groups.c.obj
[370/1075] Building C object esp-idf/freertos/CMakeFiles/__idf_freertos.dir/FreeRTOS-Kernel/timers.c.obj
[371/1075] Building ASM object esp-idf/freertos/CMakeFiles/__idf_freertos.dir/FreeRTOS-Kernel/portable/xtensa/portasm.S.obj
[372/1075] Building C object esp-idf/freertos/CMakeFiles/__idf_freertos.dir/FreeRTOS-Kernel/portable/xtensa/xtensa_init.c.obj
[373/1075] Building C object esp-idf/freertos/CMakeFiles/__idf_freertos.dir/FreeRTOS-Kernel/portable/xtensa/xtensa_overlay_os_hook.c.obj
[374/1075] Building C object esp-idf/freertos/CMakeFiles/__idf_freertos.dir/esp_additions/idf_additions_event_groups.c.obj
[375/1075] Linking C static library esp-idf/esp_libc/libesp_libc.a
[376/1075] Building C object esp-idf/freertos/CMakeFiles/__idf_freertos.dir/FreeRTOS-Kernel/portable/xtensa/port.c.obj
[377/1075] Building C object esp-idf/freertos/CMakeFiles/__idf_freertos.dir/FreeRTOS-Kernel/queue.c.obj
[378/1075] Building C object esp-idf/esp_hw_support/CMakeFiles/__idf_esp_hw_support.dir/cpu.c.obj
[379/1075] Building C object esp-idf/freertos/CMakeFiles/__idf_freertos.dir/FreeRTOS-Kernel/stream_buffer.c.obj
[380/1075] Building C object esp-idf/esp_hw_support/CMakeFiles/__idf_esp_hw_support.dir/esp_memory_utils.c.obj
[381/1075] Building C object esp-idf/esp_hw_support/CMakeFiles/__idf_esp_hw_support.dir/port/esp32/cpu_region_protect.c.obj
[382/1075] Building C object esp-idf/esp_hw_support/CMakeFiles/__idf_esp_hw_support.dir/port/esp32/esp_cpu_intr.c.obj
[383/1075] Building C object esp-idf/freertos/CMakeFiles/__idf_freertos.dir/esp_additions/idf_additions.c.obj
[384/1075] Building C object esp-idf/esp_hw_support/CMakeFiles/__idf_esp_hw_support.dir/clk_ctrl_os.c.obj
[385/1075] Building C object esp-idf/esp_hw_support/CMakeFiles/__idf_esp_hw_support.dir/hw_random.c.obj
[386/1075] Building C object esp-idf/esp_hw_support/CMakeFiles/__idf_esp_hw_support.dir/esp_clk.c.obj
[387/1075] Building C object esp-idf/esp_hw_support/CMakeFiles/__idf_esp_hw_support.dir/revision.c.obj
[388/1075] Building C object esp-idf/esp_hw_support/CMakeFiles/__idf_esp_hw_support.dir/mac_addr.c.obj
[389/1075] Building C object esp-idf/esp_hw_support/CMakeFiles/__idf_esp_hw_support.dir/esp_gpio_reserve.c.obj
[390/1075] Building C object esp-idf/esp_hw_support/CMakeFiles/__idf_esp_hw_support.dir/regi2c_ctrl.c.obj
[391/1075] Building C object esp-idf/esp_hw_support/CMakeFiles/__idf_esp_hw_support.dir/rtc_module.c.obj
[392/1075] Building C object esp-idf/esp_hw_support/CMakeFiles/__idf_esp_hw_support.dir/port/esp32/io_mux.c.obj
[393/1075] Building C object esp-idf/esp_hw_support/CMakeFiles/__idf_esp_hw_support.dir/sar_tsens_ctrl.c.obj
[394/1075] Building C object esp-idf/esp_hw_support/CMakeFiles/__idf_esp_hw_support.dir/periph_ctrl.c.obj
[395/1075] Building C object esp-idf/esp_hw_support/CMakeFiles/__idf_esp_hw_support.dir/sar_periph_ctrl_common.c.obj
[396/1075] Building C object esp-idf/esp_hw_support/CMakeFiles/__idf_esp_hw_support.dir/intr_alloc.c.obj
[397/1075] Building C object esp-idf/esp_hw_support/CMakeFiles/__idf_esp_hw_support.dir/heap_align_hw.c.obj
[398/1075] Building C object esp-idf/esp_hw_support/CMakeFiles/__idf_esp_hw_support.dir/clk_utils.c.obj
[399/1075] Building C object esp-idf/esp_hw_support/CMakeFiles/__idf_esp_hw_support.dir/port/esp32/esp_clk_tree.c.obj
[400/1075] Building C object esp-idf/esp_hw_support/CMakeFiles/__idf_esp_hw_support.dir/spi_share_hw_ctrl.c.obj
[401/1075] Building C object esp-idf/esp_hw_support/CMakeFiles/__idf_esp_hw_support.dir/sleep_modem.c.obj
[402/1075] Building C object esp-idf/esp_hw_support/CMakeFiles/__idf_esp_hw_support.dir/adc_share_hw_ctrl.c.obj
[403/1075] Building C object esp-idf/esp_hw_support/CMakeFiles/__idf_esp_hw_support.dir/sleep_console.c.obj
[404/1075] Building C object esp-idf/esp_hw_support/CMakeFiles/__idf_esp_hw_support.dir/sleep_mspi.c.obj
[405/1075] Building C object esp-idf/esp_hw_support/CMakeFiles/__idf_esp_hw_support.dir/port/esp_clk_tree_common.c.obj
[406/1075] Building C object esp-idf/esp_hw_support/CMakeFiles/__idf_esp_hw_support.dir/spi_bus_lock.c.obj
[407/1075] Building C object esp-idf/esp_hw_support/CMakeFiles/__idf_esp_hw_support.dir/sleep_usb.c.obj
[408/1075] Building C object esp-idf/freertos/CMakeFiles/__idf_freertos.dir/FreeRTOS-Kernel/tasks.c.obj
[409/1075] Building C object esp-idf/esp_hw_support/CMakeFiles/__idf_esp_hw_support.dir/sleep_uart.c.obj
[410/1075] Building C object esp-idf/esp_hw_support/CMakeFiles/__idf_esp_hw_support.dir/mspi/mspi_timing_tuning/mspi_timing_tuning.c.obj
[411/1075] Building C object esp-idf/esp_hw_support/CMakeFiles/__idf_esp_hw_support.dir/sleep_event.c.obj
[412/1075] Building C object esp-idf/esp_hw_support/CMakeFiles/__idf_esp_hw_support.dir/mspi/mspi_intr/mspi_intr.c.obj
[413/1075] Building C object esp-idf/esp_hw_support/CMakeFiles/__idf_esp_hw_support.dir/rtc_wdt.c.obj
[414/1075] Building C object esp-idf/esp_hw_support/CMakeFiles/__idf_esp_hw_support.dir/power_supply/brownout.c.obj
[415/1075] Building C object esp-idf/esp_hw_support/CMakeFiles/__idf_esp_hw_support.dir/esp_clock_output.c.obj
[416/1075] Building C object esp-idf/esp_hw_support/CMakeFiles/__idf_esp_hw_support.dir/sleep_wake_stub.c.obj
[417/1075] Building C object esp-idf/esp_hw_support/CMakeFiles/__idf_esp_hw_support.dir/sleep_gpio.c.obj
[418/1075] Building C object esp-idf/esp_hw_support/CMakeFiles/__idf_esp_hw_support.dir/port/esp32/rtc_init.c.obj
[419/1075] Building C object esp-idf/esp_hw_support/CMakeFiles/__idf_esp_hw_support.dir/port/esp32/rtc_clk_init.c.obj
[420/1075] Building C object esp-idf/esp_hw_support/CMakeFiles/__idf_esp_hw_support.dir/port/esp32/chip_info.c.obj
[421/1075] Building C object esp-idf/esp_hw_support/CMakeFiles/__idf_esp_hw_support.dir/port/esp32/cache_sram_mmu.c.obj
[422/1075] Building C object esp-idf/esp_hw_support/CMakeFiles/__idf_esp_hw_support.dir/port/esp32/rtc_clk.c.obj
[423/1075] Building C object esp-idf/esp_hw_support/CMakeFiles/__idf_esp_hw_support.dir/port/esp32/rtc_time.c.obj
[424/1075] Building C object esp-idf/esp_hw_support/CMakeFiles/__idf_esp_hw_support.dir/port/esp32/rtc_sleep.c.obj
[425/1075] Building C object esp-idf/esp_hw_support/CMakeFiles/__idf_esp_hw_support.dir/port/esp32/sar_periph_ctrl.c.obj
[426/1075] Linking C static library esp-idf/freertos/libfreertos.a
[427/1075] Building C object esp-idf/esp_hal_touch_sens/CMakeFiles/__idf_esp_hal_touch_sens.dir/esp32/touch_sensor_periph.c.obj
[428/1075] Building C object esp-idf/esp_hal_touch_sens/CMakeFiles/__idf_esp_hal_touch_sens.dir/esp32/touch_sensor_legacy_hal.c.obj
[429/1075] Building C object esp-idf/esp_hal_pmu/CMakeFiles/__idf_esp_hal_pmu.dir/brownout_hal.c.obj
[430/1075] Building C object esp-idf/esp_hal_touch_sens/CMakeFiles/__idf_esp_hal_touch_sens.dir/touch_sensor_legacy_hal.c.obj
[431/1075] Building C object esp-idf/esp_hal_gpio/CMakeFiles/__idf_esp_hal_gpio.dir/esp32/rtc_io_periph.c.obj
[432/1075] Building C object esp-idf/esp_hal_touch_sens/CMakeFiles/__idf_esp_hal_touch_sens.dir/touch_sens_hal.c.obj
[433/1075] Building C object esp-idf/esp_hw_support/CMakeFiles/__idf_esp_hw_support.dir/sleep_modes.c.obj
[434/1075] Building C object esp-idf/esp_hal_gpio/CMakeFiles/__idf_esp_hal_gpio.dir/esp32/sdm_periph.c.obj
[435/1075] Building C object esp-idf/esp_hal_gpio/CMakeFiles/__idf_esp_hal_gpio.dir/sdm_hal.c.obj
[436/1075] Building C object esp-idf/soc/CMakeFiles/__idf_soc.dir/lldesc.c.obj
[437/1075] Building C object esp-idf/soc/CMakeFiles/__idf_soc.dir/esp32/interrupts.c.obj
[438/1075] Building C object esp-idf/soc/CMakeFiles/__idf_soc.dir/dport_access_common.c.obj
[439/1075] Building C object esp-idf/soc/CMakeFiles/__idf_soc.dir/esp32/gpio_periph.c.obj
[440/1075] Building C object esp-idf/esp_hal_gpio/CMakeFiles/__idf_esp_hal_gpio.dir/gpio_hal.c.obj
[441/1075] Building C object esp-idf/soc/CMakeFiles/__idf_soc.dir/esp32/mpi_periph.c.obj
[442/1075] Building C object esp-idf/esp_hal_gpio/CMakeFiles/__idf_esp_hal_gpio.dir/rtc_io_hal.c.obj
[443/1075] Linking C static library esp-idf/esp_hw_support/libesp_hw_support.a
[444/1075] Building C object esp-idf/soc/CMakeFiles/__idf_soc.dir/esp32/power_supply_periph.c.obj
[445/1075] Building C object esp-idf/soc/CMakeFiles/__idf_soc.dir/esp32/dport_access.c.obj
[446/1075] Linking C static library esp-idf/esp_hal_touch_sens/libesp_hal_touch_sens.a
[447/1075] Linking C static library esp-idf/esp_hal_pmu/libesp_hal_pmu.a
[448/1075] Linking C static library esp-idf/esp_hal_gpio/libesp_hal_gpio.a
[449/1075] Building C object esp-idf/heap/CMakeFiles/__idf_heap.dir/heap_caps_base.c.obj
[450/1075] Building C object esp-idf/heap/CMakeFiles/__idf_heap.dir/multi_heap.c.obj
[451/1075] Building C object esp-idf/heap/CMakeFiles/__idf_heap.dir/port/esp32/memory_layout.c.obj
[452/1075] Building C object esp-idf/heap/CMakeFiles/__idf_heap.dir/port/memory_layout_utils.c.obj
[453/1075] Building C object esp-idf/heap/CMakeFiles/__idf_heap.dir/heap_caps_init.c.obj
[454/1075] Linking C static library esp-idf/soc/libsoc.a
[455/1075] Building C object esp-idf/log/CMakeFiles/__idf_log.dir/src/os/log_timestamp.c.obj
[456/1075] Building C object esp-idf/heap/CMakeFiles/__idf_heap.dir/heap_caps.c.obj
[457/1075] Building C object esp-idf/log/CMakeFiles/__idf_log.dir/src/os/log_lock.c.obj
[458/1075] Building C object esp-idf/log/CMakeFiles/__idf_log.dir/src/log_timestamp_common.c.obj
[459/1075] Building C object esp-idf/log/CMakeFiles/__idf_log.dir/src/util.c.obj
[460/1075] Building C object esp-idf/log/CMakeFiles/__idf_log.dir/src/os/util.c.obj
[461/1075] Building C object esp-idf/log/CMakeFiles/__idf_log.dir/src/log_print.c.obj
[462/1075] Building C object esp-idf/log/CMakeFiles/__idf_log.dir/src/buffer/log_buffers.c.obj
[463/1075] Building C object esp-idf/log/CMakeFiles/__idf_log.dir/src/log_format_text.c.obj
[464/1075] Building C object esp-idf/log/CMakeFiles/__idf_log.dir/src/log.c.obj
[465/1075] Building C object esp-idf/log/CMakeFiles/__idf_log.dir/src/log_level/log_level.c.obj
[466/1075] Building C object esp-idf/log/CMakeFiles/__idf_log.dir/src/os/log_write.c.obj
[467/1075] Building C object esp-idf/log/CMakeFiles/__idf_log.dir/src/log_level/tag_log_level/linked_list/log_linked_list.c.obj
[468/1075] Building C object esp-idf/hal/CMakeFiles/__idf_hal.dir/efuse_hal.c.obj
[469/1075] Building C object esp-idf/log/CMakeFiles/__idf_log.dir/src/log_level/tag_log_level/cache/log_binary_heap.c.obj
[470/1075] Building C object esp-idf/log/CMakeFiles/__idf_log.dir/src/log_level/tag_log_level/tag_log_level.c.obj
[471/1075] Building C object esp-idf/hal/CMakeFiles/__idf_hal.dir/hal_utils.c.obj
[472/1075] Building C object esp-idf/hal/CMakeFiles/__idf_hal.dir/color_hal.c.obj
[473/1075] Building C object esp-idf/esp_rom/CMakeFiles/__idf_esp_rom.dir/patches/esp_rom_sys.c.obj
[474/1075] Building C object esp-idf/hal/CMakeFiles/__idf_hal.dir/esp32/efuse_hal.c.obj
[475/1075] Building C object esp-idf/esp_rom/CMakeFiles/__idf_esp_rom.dir/patches/esp_rom_crc.c.obj
[476/1075] Building C object esp-idf/hal/CMakeFiles/__idf_hal.dir/esp32/cache_hal_esp32.c.obj
[477/1075] Building C object esp-idf/esp_rom/CMakeFiles/__idf_esp_rom.dir/patches/esp_rom_serial_output.c.obj
[478/1075] Building C object esp-idf/esp_rom/CMakeFiles/__idf_esp_rom.dir/patches/esp_rom_efuse.c.obj
[479/1075] Building C object esp-idf/esp_rom/CMakeFiles/__idf_esp_rom.dir/patches/esp_rom_gpio.c.obj
[480/1075] Building ASM object esp-idf/esp_rom/CMakeFiles/__idf_esp_rom.dir/patches/esp_rom_longjmp.S.obj
[481/1075] Building C object esp-idf/hal/CMakeFiles/__idf_hal.dir/mmu_hal.c.obj
[482/1075] Building C object esp-idf/esp_system/CMakeFiles/__idf_esp_system.dir/esp_err.c.obj
[483/1075] Building C object esp-idf/esp_rom/CMakeFiles/__idf_esp_rom.dir/patches/esp_rom_print.c.obj
[484/1075] Building C object esp-idf/esp_system/CMakeFiles/__idf_esp_system.dir/crosscore_int.c.obj
[485/1075] Building C object esp-idf/esp_rom/CMakeFiles/__idf_esp_rom.dir/patches/esp_rom_spiflash.c.obj
[486/1075] Building C object esp-idf/esp_system/CMakeFiles/__idf_esp_system.dir/esp_ipc.c.obj
[487/1075] Building C object esp-idf/esp_system/CMakeFiles/__idf_esp_system.dir/freertos_hooks.c.obj
[488/1075] Building C object esp-idf/heap/CMakeFiles/__idf_heap.dir/tlsf/tlsf.c.obj
[489/1075] Building C object esp-idf/esp_common/CMakeFiles/__idf_esp_common.dir/src/esp_err_to_name.c.obj
[490/1075] Linking C static library esp-idf/heap/libheap.a
[491/1075] Building C object esp-idf/esp_system/CMakeFiles/__idf_esp_system.dir/startup.c.obj
[492/1075] Building C object esp-idf/esp_system/CMakeFiles/__idf_esp_system.dir/esp_system.c.obj
[493/1075] Linking C static library esp-idf/log/liblog.a
[494/1075] Building C object esp-idf/esp_system/CMakeFiles/__idf_esp_system.dir/system_time.c.obj
[495/1075] Linking C static library esp-idf/hal/libhal.a
[496/1075] Building C object esp-idf/esp_system/CMakeFiles/__idf_esp_system.dir/stack_check.c.obj
[497/1075] Building C object esp-idf/esp_system/CMakeFiles/__idf_esp_system.dir/panic.c.obj
[498/1075] Linking C static library esp-idf/esp_rom/libesp_rom.a
[499/1075] Building C object esp-idf/esp_system/CMakeFiles/__idf_esp_system.dir/startup_funcs.c.obj
[500/1075] Building C object esp-idf/esp_system/CMakeFiles/__idf_esp_system.dir/ubsan.c.obj
[501/1075] Building C object esp-idf/esp_system/CMakeFiles/__idf_esp_system.dir/port/panic_handler.c.obj
[502/1075] Building C object esp-idf/esp_system/CMakeFiles/__idf_esp_system.dir/port/esp_system_chip.c.obj
[503/1075] Building C object esp-idf/esp_system/CMakeFiles/__idf_esp_system.dir/int_wdt.c.obj
[504/1075] Building C object esp-idf/esp_system/CMakeFiles/__idf_esp_system.dir/task_wdt/task_wdt_impl_timergroup.c.obj
[505/1075] Building ASM object esp-idf/esp_system/CMakeFiles/__idf_esp_system.dir/port/arch/xtensa/esp_ipc_isr_handler.S.obj
[506/1075] Building C object esp-idf/esp_system/CMakeFiles/__idf_esp_system.dir/port/image_process.c.obj
[507/1075] Building ASM object esp-idf/esp_system/CMakeFiles/__idf_esp_system.dir/port/arch/xtensa/esp_ipc_isr_routines.S.obj
[508/1075] Building C object esp-idf/esp_system/CMakeFiles/__idf_esp_system.dir/port/arch/xtensa/esp_ipc_isr_port.c.obj
[509/1075] Building C object esp-idf/esp_system/CMakeFiles/__idf_esp_system.dir/port/cpu_start.c.obj
[510/1075] Building ASM object esp-idf/esp_system/CMakeFiles/__idf_esp_system.dir/port/arch/xtensa/panic_handler_asm.S.obj
[511/1075] Building C object esp-idf/esp_system/CMakeFiles/__idf_esp_system.dir/task_wdt/task_wdt.c.obj
[512/1075] Building ASM object esp-idf/esp_system/CMakeFiles/__idf_esp_system.dir/port/arch/xtensa/expression_with_stack_asm.S.obj
[513/1075] Building ASM object esp-idf/esp_system/CMakeFiles/__idf_esp_system.dir/port/arch/xtensa/debug_helpers_asm.S.obj
[514/1075] Building C object esp-idf/esp_system/CMakeFiles/__idf_esp_system.dir/port/esp_ipc_isr.c.obj
[515/1075] Building C object esp-idf/esp_system/CMakeFiles/__idf_esp_system.dir/port/arch/xtensa/debug_stubs.c.obj
[516/1075] Building ASM object esp-idf/esp_system/CMakeFiles/__idf_esp_system.dir/port/soc/esp32/highint_hdl.S.obj
[517/1075] Building C object esp-idf/esp_system/CMakeFiles/__idf_esp_system.dir/port/arch/xtensa/expression_with_stack.c.obj
[518/1075] Building C object esp-idf/esp_system/CMakeFiles/__idf_esp_system.dir/port/arch/xtensa/trax.c.obj
[519/1075] Building C object esp-idf/esp_system/CMakeFiles/__idf_esp_system.dir/port/arch/xtensa/panic_arch.c.obj
[520/1075] Linking C static library esp-idf/esp_common/libesp_common.a
[521/1075] Building C object esp-idf/esp_system/CMakeFiles/__idf_esp_system.dir/port/arch/xtensa/debug_helpers.c.obj
[522/1075] Building C object esp-idf/esp_system/CMakeFiles/__idf_esp_system.dir/port/soc/esp32/reset_reason.c.obj
[523/1075] Building C object esp-idf/esp_system/CMakeFiles/__idf_esp_system.dir/port/soc/esp32/cache_err_int.c.obj
[524/1075] Building C object esp-idf/spi_flash/CMakeFiles/__idf_spi_flash.dir/flash_brownout_hook.c.obj
[525/1075] Building C object esp-idf/spi_flash/CMakeFiles/__idf_spi_flash.dir/spi_flash_chip_drivers.c.obj
[526/1075] Building C object esp-idf/spi_flash/CMakeFiles/__idf_spi_flash.dir/spi_flash_chip_issi.c.obj
[527/1075] Building C object esp-idf/esp_system/CMakeFiles/__idf_esp_system.dir/port/soc/esp32/clk.c.obj
[528/1075] Building C object esp-idf/esp_system/CMakeFiles/__idf_esp_system.dir/port/soc/esp32/system_internal.c.obj
[529/1075] Building C object esp-idf/spi_flash/CMakeFiles/__idf_spi_flash.dir/spi_flash_chip_mxic.c.obj
[530/1075] Building C object esp-idf/spi_flash/CMakeFiles/__idf_spi_flash.dir/spi_flash_chip_gd.c.obj
[531/1075] Building C object esp-idf/spi_flash/CMakeFiles/__idf_spi_flash.dir/spi_flash_chip_boya.c.obj
[532/1075] Building C object esp-idf/spi_flash/CMakeFiles/__idf_spi_flash.dir/spi_flash_chip_th.c.obj
[533/1075] Building C object esp-idf/spi_flash/CMakeFiles/__idf_spi_flash.dir/spi_flash_chip_winbond.c.obj
[534/1075] Building C object esp-idf/spi_flash/CMakeFiles/__idf_spi_flash.dir/spi_flash_blockdev.c.obj
[535/1075] Building C object esp-idf/spi_flash/CMakeFiles/__idf_spi_flash.dir/spi_flash_chip_mxic_opi.c.obj
[536/1075] Building C object esp-idf/spi_flash/CMakeFiles/__idf_spi_flash.dir/memspi_host_driver.c.obj
[537/1075] Building C object esp-idf/spi_flash/CMakeFiles/__idf_spi_flash.dir/spi_flash_chip_generic.c.obj
[538/1075] Building C object esp-idf/spi_flash/CMakeFiles/__idf_spi_flash.dir/flash_ops.c.obj
[539/1075] Building C object esp-idf/spi_flash/CMakeFiles/__idf_spi_flash.dir/cache_utils.c.obj
[540/1075] Building C object esp-idf/spi_flash/CMakeFiles/__idf_spi_flash.dir/spi_flash_wrap.c.obj
[541/1075] Building C object esp-idf/spi_flash/CMakeFiles/__idf_spi_flash.dir/flash_mmap.c.obj
[542/1075] Building C object esp-idf/spi_flash/CMakeFiles/__idf_spi_flash.dir/spi_flash_os_func_noos.c.obj
[543/1075] Linking C static library esp-idf/esp_system/libesp_system.a
[544/1075] Building C object esp-idf/spi_flash/CMakeFiles/__idf_spi_flash.dir/spi_flash_os_func_app.c.obj
[545/1075] Building C object esp-idf/bootloader_support/CMakeFiles/__idf_bootloader_support.dir/src/bootloader_common_loader.c.obj
[546/1075] Building C object esp-idf/spi_flash/CMakeFiles/__idf_spi_flash.dir/esp_flash_spi_init.c.obj
[547/1075] Building C object esp-idf/bootloader_support/CMakeFiles/__idf_bootloader_support.dir/src/bootloader_common.c.obj
[548/1075] Building C object esp-idf/bootloader_support/CMakeFiles/__idf_bootloader_support.dir/src/bootloader_mem.c.obj
[549/1075] Building C object esp-idf/bootloader_support/CMakeFiles/__idf_bootloader_support.dir/src/bootloader_clock_init.c.obj
[550/1075] Building C object esp-idf/bootloader_support/CMakeFiles/__idf_bootloader_support.dir/src/bootloader_random.c.obj
[551/1075] Building C object esp-idf/bootloader_support/CMakeFiles/__idf_bootloader_support.dir/src/bootloader_efuse.c.obj
[552/1075] Building C object esp-idf/bootloader_support/CMakeFiles/__idf_bootloader_support.dir/src/bootloader_random_esp32.c.obj
[553/1075] Building C object esp-idf/bootloader_support/CMakeFiles/__idf_bootloader_support.dir/src/secure_boot.c.obj
[554/1075] Building C object esp-idf/spi_flash/CMakeFiles/__idf_spi_flash.dir/esp_flash_api.c.obj
[555/1075] Building C object esp-idf/bootloader_support/CMakeFiles/__idf_bootloader_support.dir/src/flash_encrypt.c.obj
[556/1075] Building C object esp-idf/bootloader_support/CMakeFiles/__idf_bootloader_support.dir/bootloader_flash/src/flash_qio_mode.c.obj
[557/1075] Building C object esp-idf/bootloader_support/CMakeFiles/__idf_bootloader_support.dir/src/flash_partitions.c.obj
[558/1075] Building C object esp-idf/bootloader_support/CMakeFiles/__idf_bootloader_support.dir/src/esp32/secure_boot_secure_features.c.obj
[559/1075] Building C object esp-idf/bootloader_support/CMakeFiles/__idf_bootloader_support.dir/bootloader_flash/src/bootloader_flash.c.obj
[560/1075] Building C object esp-idf/bootloader_support/CMakeFiles/__idf_bootloader_support.dir/bootloader_flash/src/bootloader_flash_config_esp32.c.obj
[561/1075] Building C object esp-idf/esp_hal_ana_conv/CMakeFiles/__idf_esp_hal_ana_conv.dir/esp32/adc_periph.c.obj
[562/1075] Linking C static library esp-idf/spi_flash/libspi_flash.a
[563/1075] Building C object esp-idf/bootloader_support/CMakeFiles/__idf_bootloader_support.dir/src/bootloader_sha.c.obj
[564/1075] Building C object esp-idf/bootloader_support/CMakeFiles/__idf_bootloader_support.dir/src/bootloader_utility.c.obj
[565/1075] Building C object esp-idf/bootloader_support/CMakeFiles/__idf_bootloader_support.dir/src/esp_image_format.c.obj
[566/1075] Building C object esp-idf/esp_hal_ana_conv/CMakeFiles/__idf_esp_hal_ana_conv.dir/adc_hal_common.c.obj
[567/1075] Building C object esp-idf/esp_hal_ana_conv/CMakeFiles/__idf_esp_hal_ana_conv.dir/esp32/dac_periph.c.obj
[568/1075] Building C object esp-idf/esp_hal_wdt/CMakeFiles/__idf_esp_hal_wdt.dir/esp32/mwdt_periph.c.obj
[569/1075] Linking C static library esp-idf/bootloader_support/libbootloader_support.a
[570/1075] Building C object esp-idf/esp_hal_i2s/CMakeFiles/__idf_esp_hal_i2s.dir/esp32/i2s_periph.c.obj
[571/1075] Building C object esp-idf/esp_hal_ana_conv/CMakeFiles/__idf_esp_hal_ana_conv.dir/adc_oneshot_hal.c.obj
[572/1075] Building C object esp-idf/esp_hal_timg/CMakeFiles/__idf_esp_hal_timg.dir/esp32/timer_periph.c.obj
[573/1075] Building C object esp-idf/esp_hal_timg/CMakeFiles/__idf_esp_hal_timg.dir/timer_hal.c.obj
[574/1075] Building C object esp-idf/esp_hal_wdt/CMakeFiles/__idf_esp_hal_wdt.dir/wdt_hal_iram.c.obj
[575/1075] Building C object esp-idf/esp_hal_ana_conv/CMakeFiles/__idf_esp_hal_ana_conv.dir/adc_hal.c.obj
[576/1075] Building C object esp-idf/mbedtls/mbedtls/tf-psa-crypto/core/CMakeFiles/tfpsacrypto.dir/psa_crypto_client.c.obj
[577/1075] Linking C static library esp-idf/esp_hal_ana_conv/libesp_hal_ana_conv.a
[578/1075] Building C object esp-idf/mbedtls/mbedtls/tf-psa-crypto/core/CMakeFiles/tfpsacrypto.dir/psa_crypto_driver_wrappers_no_static.c.obj
[579/1075] Building C object esp-idf/mbedtls/mbedtls/tf-psa-crypto/core/CMakeFiles/tfpsacrypto.dir/psa_its_file.c.obj
[580/1075] Building C object esp-idf/esp_hal_i2s/CMakeFiles/__idf_esp_hal_i2s.dir/i2s_hal.c.obj
[581/1075] Linking C static library esp-idf/esp_hal_i2s/libesp_hal_i2s.a
[582/1075] Linking C static library esp-idf/esp_hal_wdt/libesp_hal_wdt.a
[583/1075] Building C object esp-idf/mbedtls/mbedtls/tf-psa-crypto/core/CMakeFiles/tfpsacrypto.dir/tf_psa_crypto_version.c.obj
[584/1075] Building C object esp-idf/mbedtls/mbedtls/tf-psa-crypto/core/CMakeFiles/tfpsacrypto.dir/tf_psa_crypto_config.c.obj
[585/1075] Building C object esp-idf/mbedtls/mbedtls/tf-psa-crypto/core/CMakeFiles/tfpsacrypto.dir/root/esp/esp-idf/components/mbedtls/port/esp_hardware.c.obj
[586/1075] Building C object esp-idf/mbedtls/mbedtls/tf-psa-crypto/core/CMakeFiles/tfpsacrypto.dir/psa_crypto_storage.c.obj
[587/1075] Building C object esp-idf/mbedtls/mbedtls/tf-psa-crypto/core/CMakeFiles/tfpsacrypto.dir/root/esp/esp-idf/components/mbedtls/port/aes/esp_aes_common.c.obj
[588/1075] Building C object esp-idf/mbedtls/mbedtls/tf-psa-crypto/core/CMakeFiles/tfpsacrypto.dir/psa_crypto_slot_management.c.obj
[589/1075] Building C object esp-idf/mbedtls/mbedtls/tf-psa-crypto/core/CMakeFiles/tfpsacrypto.dir/root/esp/esp-idf/components/mbedtls/port/aes/esp_aes_xts.c.obj
[590/1075] Building C object esp-idf/mbedtls/mbedtls/tf-psa-crypto/core/CMakeFiles/tfpsacrypto.dir/root/esp/esp-idf/components/mbedtls/port/psa_crypto_storage/esp_psa_its.c.obj
[591/1075] Building C object esp-idf/mbedtls/mbedtls/tf-psa-crypto/core/CMakeFiles/tfpsacrypto.dir/root/esp/esp-idf/components/mbedtls/port/aes/esp_aes.c.obj
[592/1075] Building C object esp-idf/mbedtls/mbedtls/tf-psa-crypto/core/CMakeFiles/tfpsacrypto.dir/root/esp/esp-idf/components/mbedtls/port/psa_driver/esp_sha/psa_crypto_driver_esp_sha.c.obj
[593/1075] Building C object esp-idf/mbedtls/mbedtls/tf-psa-crypto/core/CMakeFiles/tfpsacrypto.dir/root/esp/esp-idf/components/mbedtls/port/sha/esp_sha.c.obj
[594/1075] Building C object esp-idf/mbedtls/mbedtls/tf-psa-crypto/core/CMakeFiles/tfpsacrypto.dir/root/esp/esp-idf/components/mbedtls/port/aes/esp_aes_gcm.c.obj
[595/1075] Building C object esp-idf/mbedtls/mbedtls/tf-psa-crypto/core/CMakeFiles/tfpsacrypto.dir/root/esp/esp-idf/components/mbedtls/port/psa_driver/esp_sha/parallel_engine/psa_crypto_driver_esp_sha256.c.obj
[596/1075] Building C object esp-idf/mbedtls/mbedtls/tf-psa-crypto/core/CMakeFiles/tfpsacrypto.dir/root/esp/esp-idf/components/mbedtls/port/psa_driver/esp_mac/psa_crypto_driver_esp_hmac_transparent.c.obj
[597/1075] Building C object esp-idf/mbedtls/mbedtls/tf-psa-crypto/core/CMakeFiles/tfpsacrypto.dir/root/esp/esp-idf/components/mbedtls/port/psa_driver/esp_sha/parallel_engine/psa_crypto_driver_esp_sha512.c.obj
[598/1075] Building C object esp-idf/mbedtls/mbedtls/tf-psa-crypto/core/CMakeFiles/tfpsacrypto.dir/root/esp/esp-idf/components/mbedtls/port/psa_driver/esp_md/psa_crypto_driver_esp_md5.c.obj
[599/1075] Building C object esp-idf/mbedtls/mbedtls/tf-psa-crypto/core/CMakeFiles/tfpsacrypto.dir/root/esp/esp-idf/components/mbedtls/port/sha/parallel_engine/sha.c.obj
[600/1075] Building C object esp-idf/mbedtls/mbedtls/tf-psa-crypto/core/CMakeFiles/tfpsacrypto.dir/root/esp/esp-idf/components/mbedtls/port/psa_driver/esp_sha/parallel_engine/psa_crypto_driver_esp_sha1.c.obj
[601/1075] Building C object esp-idf/mbedtls/mbedtls/tf-psa-crypto/core/CMakeFiles/tfpsacrypto.dir/root/esp/esp-idf/components/mbedtls/port/bignum/bignum_alt.c.obj
[602/1075] Linking C static library esp-idf/esp_hal_timg/libesp_hal_timg.a
[603/1075] Building C object esp-idf/mbedtls/mbedtls/tf-psa-crypto/core/CMakeFiles/tfpsacrypto.dir/root/esp/esp-idf/components/mbedtls/port/bignum/esp_bignum.c.obj
[604/1075] Building C object esp-idf/mbedtls/mbedtls/library/CMakeFiles/mbedtls.dir/debug.c.obj
[605/1075] Building C object esp-idf/mbedtls/mbedtls/tf-psa-crypto/core/CMakeFiles/tfpsacrypto.dir/root/esp/esp-idf/components/mbedtls/port/psa_driver/esp_aes/psa_crypto_driver_esp_aes_gcm.c.obj
[606/1075] Building C object esp-idf/mbedtls/mbedtls/library/CMakeFiles/mbedtls.dir/mps_reader.c.obj
[607/1075] Building C object esp-idf/mbedtls/mbedtls/tf-psa-crypto/core/CMakeFiles/tfpsacrypto.dir/root/esp/esp-idf/components/mbedtls/port/psa_driver/esp_aes/psa_crypto_driver_esp_aes.c.obj
[608/1075] Building C object esp-idf/mbedtls/mbedtls/library/CMakeFiles/mbedtls.dir/mps_trace.c.obj
[609/1075] Building C object esp-idf/mbedtls/mbedtls/tf-psa-crypto/core/CMakeFiles/tfpsacrypto.dir/root/esp/esp-idf/components/mbedtls/port/psa_driver/esp_mac/psa_crypto_driver_esp_cmac.c.obj
[610/1075] Building C object esp-idf/mbedtls/mbedtls/library/CMakeFiles/mbedtls.dir/ssl_ciphersuites.c.obj
[611/1075] Building C object esp-idf/mbedtls/mbedtls/library/CMakeFiles/mbedtls.dir/ssl_debug_helpers_generated.c.obj
[612/1075] Building C object esp-idf/mbedtls/mbedtls/library/CMakeFiles/mbedtls.dir/ssl_cache.c.obj
[613/1075] Building C object esp-idf/mbedtls/mbedtls/library/CMakeFiles/mbedtls.dir/ssl_cookie.c.obj
[614/1075] Building C object esp-idf/mbedtls/mbedtls/library/CMakeFiles/mbedtls.dir/ssl_client.c.obj
[615/1075] Building C object esp-idf/mbedtls/mbedtls/library/CMakeFiles/mbedtls.dir/ssl_ticket.c.obj
[616/1075] Building C object esp-idf/mbedtls/mbedtls/library/CMakeFiles/mbedtls.dir/ssl_tls13_keys.c.obj
[617/1075] Building C object esp-idf/mbedtls/mbedtls/library/CMakeFiles/mbedtls.dir/ssl_tls13_server.c.obj
[618/1075] Building C object esp-idf/mbedtls/mbedtls/library/CMakeFiles/mbedtls.dir/ssl_tls12_client.c.obj
[619/1075] Building C object esp-idf/mbedtls/mbedtls/library/CMakeFiles/mbedtls.dir/ssl_msg.c.obj
[620/1075] Building C object esp-idf/mbedtls/mbedtls/library/CMakeFiles/mbedtls.dir/ssl_tls13_client.c.obj
[621/1075] Building C object esp-idf/mbedtls/mbedtls/library/CMakeFiles/mbedtls.dir/timing.c.obj
[622/1075] Building C object esp-idf/mbedtls/mbedtls/library/CMakeFiles/mbedtls.dir/ssl_tls13_generic.c.obj
[623/1075] Building C object esp-idf/mbedtls/mbedtls/library/CMakeFiles/mbedtls.dir/version_features.c.obj
[624/1075] Building C object esp-idf/mbedtls/mbedtls/library/CMakeFiles/mbedtls.dir/version.c.obj
[625/1075] Building C object esp-idf/mbedtls/mbedtls/library/CMakeFiles/mbedtls.dir/root/esp/esp-idf/components/mbedtls/port/mbedtls_debug.c.obj
[626/1075] Building C object esp-idf/mbedtls/mbedtls/library/CMakeFiles/mbedtls.dir/ssl_tls12_server.c.obj
[627/1075] Building C object esp-idf/mbedtls/mbedtls/library/CMakeFiles/mbedtls.dir/root/esp/esp-idf/components/mbedtls/port/esp_platform_time.c.obj
[628/1075] Building C object esp-idf/mbedtls/mbedtls/library/CMakeFiles/mbedtls.dir/root/esp/esp-idf/components/mbedtls/port/esp_timing.c.obj
[629/1075] Building C object esp-idf/mbedtls/mbedtls/library/CMakeFiles/mbedtls.dir/root/esp/esp-idf/components/mbedtls/port/esp_psa_crypto_init.c.obj
[630/1075] Building C object esp-idf/mbedtls/mbedtls/library/CMakeFiles/mbedx509.dir/mbedtls_config.c.obj
[631/1075] Building C object esp-idf/mbedtls/mbedtls/library/CMakeFiles/mbedtls.dir/root/esp/esp-idf/components/mbedtls/port/net_sockets.c.obj
[632/1075] Building C object esp-idf/mbedtls/mbedtls/library/CMakeFiles/mbedx509.dir/error.c.obj
[633/1075] Building C object esp-idf/mbedtls/mbedtls/library/CMakeFiles/mbedx509.dir/x509_create.c.obj
[634/1075] Building C object esp-idf/mbedtls/mbedtls/library/CMakeFiles/mbedx509.dir/pkcs7.c.obj
[635/1075] Building C object esp-idf/mbedtls/mbedtls/library/CMakeFiles/mbedtls.dir/ssl_tls.c.obj
[636/1075] Building C object esp-idf/mbedtls/mbedtls/library/CMakeFiles/mbedx509.dir/x509_crl.c.obj
[637/1075] Building C object esp-idf/mbedtls/mbedtls/library/CMakeFiles/mbedx509.dir/x509write.c.obj
[638/1075] Building C object esp-idf/mbedtls/mbedtls/library/CMakeFiles/mbedx509.dir/x509_oid.c.obj
[639/1075] Building C object esp-idf/mbedtls/mbedtls/library/CMakeFiles/mbedx509.dir/x509write_crt.c.obj
[640/1075] Building C object esp-idf/mbedtls/mbedtls/library/CMakeFiles/mbedx509.dir/x509_csr.c.obj
[641/1075] Building C object esp-idf/mbedtls/mbedtls/library/CMakeFiles/mbedx509.dir/x509write_csr.c.obj
[642/1075] Building C object esp-idf/mbedtls/mbedtls/tf-psa-crypto/drivers/builtin/CMakeFiles/builtin.dir/src/aesni.c.obj
[643/1075] Building C object esp-idf/mbedtls/mbedtls/tf-psa-crypto/core/CMakeFiles/tfpsacrypto.dir/psa_crypto.c.obj
[644/1075] Building C object esp-idf/mbedtls/mbedtls/tf-psa-crypto/drivers/builtin/CMakeFiles/builtin.dir/src/aesce.c.obj
[645/1075] Building C object esp-idf/mbedtls/mbedtls/tf-psa-crypto/drivers/builtin/CMakeFiles/builtin.dir/src/aria.c.obj
[646/1075] Building C object esp-idf/mbedtls/mbedtls/library/CMakeFiles/mbedx509.dir/x509.c.obj
[647/1075] Linking CXX static library esp-idf/mbedtls/mbedtls/tf-psa-crypto/core/libtfpsacrypto.a
[648/1075] Building C object esp-idf/mbedtls/mbedtls/tf-psa-crypto/drivers/builtin/CMakeFiles/builtin.dir/src/asn1parse.c.obj
[649/1075] Linking CXX static library esp-idf/mbedtls/mbedtls/library/libmbedtls.a
[650/1075] Building C object esp-idf/mbedtls/mbedtls/tf-psa-crypto/drivers/builtin/CMakeFiles/builtin.dir/src/asn1write.c.obj
[651/1075] Building C object esp-idf/mbedtls/mbedtls/tf-psa-crypto/drivers/builtin/CMakeFiles/builtin.dir/src/base64.c.obj
[652/1075] Building C object esp-idf/mbedtls/mbedtls/tf-psa-crypto/drivers/builtin/CMakeFiles/builtin.dir/src/bignum_mod.c.obj
[653/1075] Building C object esp-idf/mbedtls/mbedtls/tf-psa-crypto/drivers/builtin/CMakeFiles/builtin.dir/src/bignum_mod_raw.c.obj
[654/1075] Building C object esp-idf/mbedtls/mbedtls/tf-psa-crypto/drivers/builtin/CMakeFiles/builtin.dir/src/camellia.c.obj
[655/1075] Building C object esp-idf/mbedtls/mbedtls/tf-psa-crypto/drivers/builtin/CMakeFiles/builtin.dir/src/block_cipher.c.obj
[656/1075] Building C object esp-idf/mbedtls/mbedtls/tf-psa-crypto/drivers/builtin/CMakeFiles/builtin.dir/src/chacha20.c.obj
[657/1075] Building C object esp-idf/mbedtls/mbedtls/tf-psa-crypto/drivers/builtin/CMakeFiles/builtin.dir/src/aes.c.obj
[658/1075] Building C object esp-idf/mbedtls/mbedtls/tf-psa-crypto/drivers/builtin/CMakeFiles/builtin.dir/src/chachapoly.c.obj
[659/1075] Building C object esp-idf/mbedtls/mbedtls/library/CMakeFiles/mbedx509.dir/x509_crt.c.obj
[660/1075] Building C object esp-idf/mbedtls/mbedtls/tf-psa-crypto/drivers/builtin/CMakeFiles/builtin.dir/src/ccm.c.obj
[661/1075] Building C object esp-idf/mbedtls/mbedtls/tf-psa-crypto/drivers/builtin/CMakeFiles/builtin.dir/src/constant_time.c.obj
[662/1075] Building C object esp-idf/mbedtls/mbedtls/tf-psa-crypto/drivers/builtin/CMakeFiles/builtin.dir/src/cipher_wrap.c.obj
[663/1075] Building C object esp-idf/mbedtls/mbedtls/tf-psa-crypto/drivers/builtin/CMakeFiles/builtin.dir/src/cmac.c.obj
[664/1075] Building C object esp-idf/mbedtls/mbedtls/tf-psa-crypto/drivers/builtin/CMakeFiles/builtin.dir/src/bignum_core.c.obj
[665/1075] Building C object esp-idf/mbedtls/mbedtls/tf-psa-crypto/drivers/builtin/CMakeFiles/builtin.dir/src/ecdh.c.obj
[666/1075] Building C object esp-idf/mbedtls/mbedtls/tf-psa-crypto/drivers/builtin/CMakeFiles/builtin.dir/src/cipher.c.obj
[667/1075] Building C object esp-idf/mbedtls/mbedtls/tf-psa-crypto/drivers/builtin/CMakeFiles/builtin.dir/src/ctr_drbg.c.obj
[668/1075] Building C object esp-idf/mbedtls/mbedtls/tf-psa-crypto/drivers/builtin/CMakeFiles/builtin.dir/src/ecp_curves_new.c.obj
[669/1075] Building C object esp-idf/mbedtls/mbedtls/tf-psa-crypto/drivers/builtin/CMakeFiles/builtin.dir/src/ecdsa.c.obj
[670/1075] Building C object esp-idf/mbedtls/mbedtls/tf-psa-crypto/drivers/builtin/CMakeFiles/builtin.dir/src/entropy.c.obj
[671/1075] Building C object esp-idf/mbedtls/mbedtls/tf-psa-crypto/drivers/builtin/CMakeFiles/builtin.dir/src/entropy_poll.c.obj
[672/1075] Building C object esp-idf/mbedtls/mbedtls/tf-psa-crypto/drivers/builtin/CMakeFiles/builtin.dir/src/ecjpake.c.obj
[673/1075] Building C object esp-idf/mbedtls/mbedtls/tf-psa-crypto/drivers/builtin/CMakeFiles/builtin.dir/src/bignum.c.obj
[674/1075] Building C object esp-idf/mbedtls/mbedtls/tf-psa-crypto/drivers/builtin/CMakeFiles/builtin.dir/src/lmots.c.obj
[675/1075] Building C object esp-idf/mbedtls/mbedtls/tf-psa-crypto/drivers/builtin/CMakeFiles/builtin.dir/src/lms.c.obj
[676/1075] Building C object esp-idf/mbedtls/mbedtls/tf-psa-crypto/drivers/builtin/CMakeFiles/builtin.dir/src/hmac_drbg.c.obj
[677/1075] Building C object esp-idf/mbedtls/mbedtls/tf-psa-crypto/drivers/builtin/CMakeFiles/builtin.dir/src/memory_buffer_alloc.c.obj
[678/1075] Building C object esp-idf/mbedtls/mbedtls/tf-psa-crypto/drivers/builtin/CMakeFiles/builtin.dir/src/md5.c.obj
[679/1075] Building C object esp-idf/mbedtls/mbedtls/tf-psa-crypto/drivers/builtin/CMakeFiles/builtin.dir/src/nist_kw.c.obj
[680/1075] Building C object esp-idf/mbedtls/mbedtls/tf-psa-crypto/drivers/builtin/CMakeFiles/builtin.dir/src/gcm.c.obj
[681/1075] Building C object esp-idf/mbedtls/mbedtls/tf-psa-crypto/drivers/builtin/CMakeFiles/builtin.dir/src/oid.c.obj
[682/1075] Building C object esp-idf/mbedtls/mbedtls/tf-psa-crypto/drivers/builtin/CMakeFiles/builtin.dir/src/md.c.obj
[683/1075] Building C object esp-idf/mbedtls/mbedtls/tf-psa-crypto/drivers/builtin/CMakeFiles/builtin.dir/src/ecp_curves.c.obj
[684/1075] Building C object esp-idf/mbedtls/mbedtls/tf-psa-crypto/drivers/builtin/CMakeFiles/builtin.dir/src/pem.c.obj
[685/1075] Building C object esp-idf/mbedtls/mbedtls/tf-psa-crypto/drivers/builtin/CMakeFiles/builtin.dir/src/pk_rsa.c.obj
[686/1075] Building C object esp-idf/mbedtls/mbedtls/tf-psa-crypto/drivers/builtin/CMakeFiles/builtin.dir/src/pk_ecc.c.obj
[687/1075] Building C object esp-idf/mbedtls/mbedtls/tf-psa-crypto/drivers/builtin/CMakeFiles/builtin.dir/src/pkcs5.c.obj
[688/1075] Building C object esp-idf/mbedtls/mbedtls/tf-psa-crypto/drivers/builtin/CMakeFiles/builtin.dir/src/pk_wrap.c.obj
[689/1075] Building C object esp-idf/mbedtls/mbedtls/tf-psa-crypto/drivers/builtin/CMakeFiles/builtin.dir/src/platform.c.obj
[690/1075] Building C object esp-idf/mbedtls/mbedtls/tf-psa-crypto/drivers/builtin/CMakeFiles/builtin.dir/src/poly1305.c.obj
[691/1075] Building C object esp-idf/mbedtls/mbedtls/tf-psa-crypto/drivers/builtin/CMakeFiles/builtin.dir/src/ecp.c.obj
[692/1075] Building C object esp-idf/mbedtls/mbedtls/tf-psa-crypto/drivers/builtin/CMakeFiles/builtin.dir/src/platform_util.c.obj
[693/1075] Building C object esp-idf/mbedtls/mbedtls/tf-psa-crypto/drivers/builtin/CMakeFiles/builtin.dir/src/pkparse.c.obj
[694/1075] Building C object esp-idf/mbedtls/mbedtls/tf-psa-crypto/drivers/builtin/CMakeFiles/builtin.dir/src/pkwrite.c.obj
[695/1075] Building C object esp-idf/mbedtls/mbedtls/tf-psa-crypto/drivers/builtin/CMakeFiles/builtin.dir/src/psa_crypto_aead.c.obj
[696/1075] Building C object esp-idf/mbedtls/mbedtls/tf-psa-crypto/drivers/builtin/CMakeFiles/builtin.dir/src/psa_crypto_ffdh.c.obj
[697/1075] Building C object esp-idf/mbedtls/mbedtls/tf-psa-crypto/drivers/builtin/CMakeFiles/builtin.dir/src/psa_crypto_hash.c.obj
[698/1075] Building C object esp-idf/mbedtls/mbedtls/tf-psa-crypto/drivers/builtin/CMakeFiles/builtin.dir/src/pk.c.obj
[699/1075] Building C object esp-idf/mbedtls/mbedtls/tf-psa-crypto/drivers/builtin/CMakeFiles/builtin.dir/src/psa_crypto_ecp.c.obj
[700/1075] Building C object esp-idf/mbedtls/mbedtls/tf-psa-crypto/drivers/builtin/CMakeFiles/builtin.dir/src/ripemd160.c.obj
[701/1075] Building C object esp-idf/mbedtls/mbedtls/tf-psa-crypto/drivers/builtin/CMakeFiles/builtin.dir/src/psa_crypto_cipher.c.obj
[702/1075] Building C object esp-idf/mbedtls/mbedtls/tf-psa-crypto/drivers/builtin/CMakeFiles/builtin.dir/src/psa_crypto_mac.c.obj
[703/1075] Building C object esp-idf/mbedtls/mbedtls/tf-psa-crypto/drivers/builtin/CMakeFiles/builtin.dir/src/sha1.c.obj
[704/1075] Building C object esp-idf/mbedtls/mbedtls/tf-psa-crypto/drivers/builtin/CMakeFiles/builtin.dir/src/psa_crypto_pake.c.obj
[705/1075] Building C object esp-idf/mbedtls/mbedtls/tf-psa-crypto/drivers/builtin/CMakeFiles/builtin.dir/src/sha3.c.obj
[706/1075] Building C object esp-idf/mbedtls/mbedtls/tf-psa-crypto/drivers/builtin/CMakeFiles/builtin.dir/src/psa_util.c.obj
[707/1075] Building C object esp-idf/mbedtls/mbedtls/tf-psa-crypto/drivers/builtin/CMakeFiles/builtin.dir/src/psa_crypto_rsa.c.obj
[708/1075] Building C object esp-idf/mbedtls/mbedtls/tf-psa-crypto/drivers/builtin/CMakeFiles/builtin.dir/src/sha512.c.obj
[709/1075] Building C object esp-idf/mbedtls/mbedtls/tf-psa-crypto/drivers/builtin/CMakeFiles/builtin.dir/src/rsa_alt_helpers.c.obj
[710/1075] Building C object esp-idf/mbedtls/mbedtls/tf-psa-crypto/drivers/builtin/CMakeFiles/builtin.dir/root/esp/esp-idf/components/mbedtls/port/esp_mem.c.obj
[711/1075] Linking CXX static library esp-idf/mbedtls/mbedtls/library/libmbedx509.a
[712/1075] Building C object esp-idf/mbedtls/mbedtls/tf-psa-crypto/drivers/builtin/CMakeFiles/builtin.dir/src/threading.c.obj
[713/1075] Building C object esp-idf/mbedtls/mbedtls/tf-psa-crypto/drivers/everest/CMakeFiles/everest.dir/library/everest.c.obj
[714/1075] Building C object esp-idf/mbedtls/mbedtls/tf-psa-crypto/drivers/p256-m/CMakeFiles/p256m.dir/p256-m_driver_entrypoints.c.obj
[715/1075] Building C object esp-idf/mbedtls/mbedtls/tf-psa-crypto/drivers/everest/CMakeFiles/everest.dir/library/Hacl_Curve25519_joined.c.obj
[716/1075] Building C object esp-idf/mbedtls/mbedtls/tf-psa-crypto/drivers/everest/CMakeFiles/everest.dir/library/x25519.c.obj
[717/1075] Creating directories for 'bootloader'
[718/1075] Building C object esp-idf/mbedtls/mbedtls/tf-psa-crypto/drivers/p256-m/CMakeFiles/p256m.dir/p256-m/p256-m.c.obj
[719/1075] No download step for 'bootloader'
[720/1075] No update step for 'bootloader'
[721/1075] Building C object esp-idf/mbedtls/mbedtls/tf-psa-crypto/drivers/builtin/CMakeFiles/builtin.dir/src/sha256.c.obj
[722/1075] No patch step for 'bootloader'
[723/1075] Building C object esp-idf/mbedtls/mbedtls/tf-psa-crypto/drivers/builtin/CMakeFiles/builtin.dir/src/rsa.c.obj
[724/1075] Linking CXX static library esp-idf/mbedtls/mbedtls/tf-psa-crypto/drivers/builtin/libmbed-builtin.a
[725/1075] Linking CXX static library esp-idf/mbedtls/mbedtls/tf-psa-crypto/drivers/p256-m/libp256m.a
[726/1075] Linking CXX static library esp-idf/mbedtls/mbedtls/tf-psa-crypto/drivers/everest/libeverest.a
[727/1075] Generating x509_crt_bundle
[728/1075] Generating ../../x509_crt_bundle.S
[729/1075] Building ASM object esp-idf/mbedtls/CMakeFiles/__idf_mbedtls.dir/__/__/x509_crt_bundle.S.obj
[730/1075] Building C object esp-idf/esp_mm/CMakeFiles/__idf_esp_mm.dir/port/esp32/ext_mem_layout.c.obj
[731/1075] Building C object esp-idf/esp_driver_dma/CMakeFiles/__idf_esp_driver_dma.dir/src/esp_dma_utils.c.obj
[732/1075] Building C object esp-idf/mbedtls/CMakeFiles/__idf_mbedtls.dir/esp_crt_bundle/esp_crt_bundle.c.obj
[733/1075] Linking C static library esp-idf/mbedtls/libmbedtls.a
[734/1075] Building C object esp-idf/esp_driver_dma/CMakeFiles/__idf_esp_driver_dma.dir/src/gdma_link.c.obj
[735/1075] Building C object esp-idf/esp_mm/CMakeFiles/__idf_esp_mm.dir/esp_cache_msync.c.obj
[736/1075] Building C object esp-idf/esp_mm/CMakeFiles/__idf_esp_mm.dir/cache_esp32.c.obj
[737/1075] Building C object esp-idf/esp_mm/CMakeFiles/__idf_esp_mm.dir/esp_cache_utils.c.obj
[738/1075] Linking C static library esp-idf/esp_driver_dma/libesp_driver_dma.a
[739/1075] Building C object esp-idf/esp_pm/CMakeFiles/__idf_esp_pm.dir/pm_locks.c.obj
[740/1075] Building C object esp-idf/esp_pm/CMakeFiles/__idf_esp_pm.dir/pm_trace.c.obj
[741/1075] Building C object esp-idf/esp_hal_uart/CMakeFiles/__idf_esp_hal_uart.dir/esp32/uart_periph.c.obj
[742/1075] Building C object esp-idf/esp_hal_uart/CMakeFiles/__idf_esp_hal_uart.dir/uart_hal.c.obj
[743/1075] Building C object esp-idf/esp_hal_uart/CMakeFiles/__idf_esp_hal_uart.dir/uart_hal_iram.c.obj
[744/1075] Building C object esp-idf/esp_pm/CMakeFiles/__idf_esp_pm.dir/pm_impl.c.obj
[745/1075] Building C object esp-idf/esp_mm/CMakeFiles/__idf_esp_mm.dir/esp_mmu_map.c.obj
[746/1075] Linking C static library esp-idf/esp_mm/libesp_mm.a
[747/1075] Building C object esp-idf/esp_driver_gpio/CMakeFiles/__idf_esp_driver_gpio.dir/src/gpio_glitch_filter_ops.c.obj
[748/1075] Building C object esp-idf/esp_security/CMakeFiles/__idf_esp_security.dir/src/init.c.obj
[749/1075] Linking C static library esp-idf/esp_pm/libesp_pm.a
[750/1075] Building C object esp-idf/esp_security/CMakeFiles/__idf_esp_security.dir/src/esp_crypto_lock.c.obj
[751/1075] Linking C static library esp-idf/esp_hal_uart/libesp_hal_uart.a
[752/1075] Building C object esp-idf/esp_security/CMakeFiles/__idf_esp_security.dir/src/esp_crypto_periph_clk.c.obj
[753/1075] Building C object esp-idf/efuse/CMakeFiles/__idf_efuse.dir/esp32/esp_efuse_table.c.obj
[754/1075] Building C object esp-idf/efuse/CMakeFiles/__idf_efuse.dir/esp32/esp_efuse_fields.c.obj
[755/1075] Building C object esp-idf/efuse/CMakeFiles/__idf_efuse.dir/src/esp_efuse_fields.c.obj
[756/1075] Building C object esp-idf/esp_driver_gpio/CMakeFiles/__idf_esp_driver_gpio.dir/src/rtc_io.c.obj
[757/1075] Building C object esp-idf/efuse/CMakeFiles/__idf_efuse.dir/esp32/esp_efuse_utility.c.obj
[758/1075] Building C object esp-idf/efuse/CMakeFiles/__idf_efuse.dir/src/esp_efuse_api.c.obj
[759/1075] Building C object esp-idf/efuse/CMakeFiles/__idf_efuse.dir/src/esp_efuse_utility.c.obj
[760/1075] Building C object esp-idf/efuse/CMakeFiles/__idf_efuse.dir/src/esp_efuse_startup.c.obj
[761/1075] Building C object esp-idf/efuse/CMakeFiles/__idf_efuse.dir/src/efuse_controller/keys/without_key_purposes/three_key_blocks/esp_efuse_api_key.c.obj
[762/1075] Building C object esp-idf/esp_bootloader_format/CMakeFiles/__idf_esp_bootloader_format.dir/esp_bootloader_desc.c.obj
[763/1075] Building C object esp-idf/esp_partition/CMakeFiles/__idf_esp_partition.dir/partition_target.c.obj
[764/1075] Building C object esp-idf/esp_hal_security/CMakeFiles/__idf_esp_hal_security.dir/mpi_hal.c.obj
[765/1075] Building C object esp-idf/esp_app_format/CMakeFiles/__idf_esp_app_format.dir/esp_app_desc.c.obj
[766/1075] Building C object esp-idf/esp_partition/CMakeFiles/__idf_esp_partition.dir/partition.c.obj
[767/1075] Building C object esp-idf/esp_hal_security/CMakeFiles/__idf_esp_hal_security.dir/sha_hal.c.obj
[768/1075] Building C object esp-idf/esp_hal_security/CMakeFiles/__idf_esp_hal_security.dir/aes_hal.c.obj
[769/1075] Building C object esp-idf/esp_driver_gpio/CMakeFiles/__idf_esp_driver_gpio.dir/src/gpio.c.obj
[770/1075] Building C object esp-idf/esp_hal_security/CMakeFiles/__idf_esp_hal_security.dir/mpu_hal.c.obj
[771/1075] Linking C static library esp-idf/esp_driver_gpio/libesp_driver_gpio.a
[772/1075] Linking C static library esp-idf/esp_security/libesp_security.a
[773/1075] Building C object esp-idf/esp_hal_mspi/CMakeFiles/__idf_esp_hal_mspi.dir/spi_flash_encrypt_hal_iram.c.obj
[774/1075] Linking C static library esp-idf/efuse/libefuse.a
[775/1075] Building C object esp-idf/esp_hal_mspi/CMakeFiles/__idf_esp_hal_mspi.dir/esp32/mspi_periph.c.obj
[776/1075] Building C object esp-idf/esp_hal_mspi/CMakeFiles/__idf_esp_hal_mspi.dir/spi_flash_hal.c.obj
[777/1075] Linking C static library esp-idf/esp_partition/libesp_partition.a
[778/1075] Building C object esp-idf/esp_hal_gpspi/CMakeFiles/__idf_esp_hal_gpspi.dir/esp32/spi_periph.c.obj
[779/1075] Building C object esp-idf/esp_hal_mspi/CMakeFiles/__idf_esp_hal_mspi.dir/spi_flash_hal_iram.c.obj
[780/1075] Building C object esp-idf/esp_hal_gpspi/CMakeFiles/__idf_esp_hal_gpspi.dir/spi_hal.c.obj
[781/1075] Building C object esp-idf/app_update/CMakeFiles/__idf_app_update.dir/esp_ota_ops.c.obj
[782/1075] Building C object esp-idf/esp_hal_clock/CMakeFiles/__idf_esp_hal_clock.dir/esp32/clk_tree_hal.c.obj
[783/1075] Linking C static library esp-idf/app_update/libapp_update.a
[784/1075] Linking C static library esp-idf/esp_bootloader_format/libesp_bootloader_format.a
[785/1075] Building C object esp-idf/esp_hal_gpspi/CMakeFiles/__idf_esp_hal_gpspi.dir/spi_slave_hal.c.obj
[786/1075] Linking C static library esp-idf/esp_app_format/libesp_app_format.a
[787/1075] Building C object esp-idf/esp_hal_gpspi/CMakeFiles/__idf_esp_hal_gpspi.dir/spi_slave_hal_iram.c.obj
[788/1075] Linking C static library esp-idf/esp_hal_security/libesp_hal_security.a
[789/1075] Building C object esp-idf/esp_stdio/CMakeFiles/__idf_esp_stdio.dir/stdio_port.c.obj
[790/1075] Building C object esp-idf/esp_stdio/CMakeFiles/__idf_esp_stdio.dir/stdio_simple.c.obj
[791/1075] Linking C static library esp-idf/esp_hal_mspi/libesp_hal_mspi.a
[792/1075] Linking C static library esp-idf/esp_hal_clock/libesp_hal_clock.a
[793/1075] Building C object esp-idf/xtensa/CMakeFiles/__idf_xtensa.dir/eri.c.obj
[794/1075] Building C object esp-idf/esp_hal_gpspi/CMakeFiles/__idf_esp_hal_gpspi.dir/spi_hal_iram.c.obj
[795/1075] Building C object esp-idf/esp_stdio/CMakeFiles/__idf_esp_stdio.dir/stdio_vfs.c.obj
[796/1075] Building ASM object esp-idf/xtensa/CMakeFiles/__idf_xtensa.dir/xtensa_context.S.obj
[797/1075] Linking C static library esp-idf/esp_hal_gpspi/libesp_hal_gpspi.a
[798/1075] Building ASM object esp-idf/xtensa/CMakeFiles/__idf_xtensa.dir/xtensa_intr_asm.S.obj
[799/1075] Building C object esp-idf/esp_stdio/CMakeFiles/__idf_esp_stdio.dir/stdio_syscalls_simple.c.obj
[800/1075] Building C object esp-idf/xtensa/CMakeFiles/__idf_xtensa.dir/xt_trax.c.obj
[801/1075] Building ASM object esp-idf/xtensa/CMakeFiles/__idf_xtensa.dir/xtensa_vectors.S.obj
[802/1075] Linking C static library esp-idf/esp_stdio/libesp_stdio.a
[803/1075] Building C object esp-idf/xtensa/CMakeFiles/__idf_xtensa.dir/xtensa_intr.c.obj
[804/1075] Building C object esp-idf/esp_hal_sd/CMakeFiles/__idf_esp_hal_sd.dir/esp32/sdmmc_periph.c.obj
[805/1075] Building C object esp-idf/esp_hal_sd/CMakeFiles/__idf_esp_hal_sd.dir/sdmmc_hal.c.obj
[806/1075] Linking C static library esp-idf/xtensa/libxtensa.a
[807/1075] Building C object esp-idf/esp_hal_sd/CMakeFiles/__idf_esp_hal_sd.dir/esp32/sdio_slave_periph.c.obj
[808/1075] Building C object esp-idf/sdmmc/CMakeFiles/__idf_sdmmc.dir/sdmmc_init.c.obj
[809/1075] Building C object esp-idf/sdmmc/CMakeFiles/__idf_sdmmc.dir/sdmmc_mmc.c.obj
[810/1075] Building C object esp-idf/esp_hal_sd/CMakeFiles/__idf_esp_hal_sd.dir/sdio_slave_hal.c.obj
[811/1075] Building C object esp-idf/sdmmc/CMakeFiles/__idf_sdmmc.dir/sdmmc_common.c.obj
[812/1075] Linking C static library esp-idf/esp_hal_sd/libesp_hal_sd.a
[813/1075] Building C object esp-idf/sdmmc/CMakeFiles/__idf_sdmmc.dir/sdmmc_cmd.c.obj
[814/1075] Building C object esp-idf/sdmmc/CMakeFiles/__idf_sdmmc.dir/sd_pwr_ctrl/sd_pwr_ctrl.c.obj
[815/1075] Building C object esp-idf/sdmmc/CMakeFiles/__idf_sdmmc.dir/sdmmc_blockdev.c.obj
[816/1075] Building C object esp-idf/sdmmc/CMakeFiles/__idf_sdmmc.dir/sdmmc_io.c.obj
[817/1075] Building C object esp-idf/sdmmc/CMakeFiles/__idf_sdmmc.dir/sdmmc_sd.c.obj
[818/1075] Building C object esp-idf/esp_driver_spi/CMakeFiles/__idf_esp_driver_spi.dir/src/gpspi/spi_dma.c.obj
[819/1075] Building C object esp-idf/esp_driver_spi/CMakeFiles/__idf_esp_driver_spi.dir/src/gpspi/spi_slave.c.obj
[820/1075] Building C object esp-idf/console/CMakeFiles/__idf_console.dir/split_argv.c.obj
[821/1075] Building C object esp-idf/console/CMakeFiles/__idf_console.dir/esp_console_common.c.obj
[822/1075] Building C object esp-idf/esp_driver_spi/CMakeFiles/__idf_esp_driver_spi.dir/src/gpspi/spi_common.c.obj
[823/1075] Building C object esp-idf/console/CMakeFiles/__idf_console.dir/commands.c.obj
[824/1075] Building C object esp-idf/console/CMakeFiles/__idf_console.dir/argtable3/arg_cmd.c.obj
[825/1075] Building C object esp-idf/console/CMakeFiles/__idf_console.dir/esp_console_repl_chip.c.obj
[826/1075] Building C object esp-idf/esp_driver_spi/CMakeFiles/__idf_esp_driver_spi.dir/src/gpspi/spi_master.c.obj
[827/1075] Building C object esp-idf/console/CMakeFiles/__idf_console.dir/esp_console_repl_internal.c.obj
[828/1075] Building C object esp-idf/console/CMakeFiles/__idf_console.dir/linenoise/linenoise.c.obj
[829/1075] Building C object esp-idf/console/CMakeFiles/__idf_console.dir/argtable3/arg_dbl.c.obj
[830/1075] Building C object esp-idf/console/CMakeFiles/__idf_console.dir/argtable3/arg_dstr.c.obj
[831/1075] Building C object esp-idf/console/CMakeFiles/__idf_console.dir/argtable3/arg_end.c.obj
[832/1075] Building C object esp-idf/console/CMakeFiles/__idf_console.dir/argtable3/arg_lit.c.obj
[833/1075] Building C object esp-idf/console/CMakeFiles/__idf_console.dir/argtable3/arg_file.c.obj
[834/1075] Building C object esp-idf/console/CMakeFiles/__idf_console.dir/argtable3/arg_rem.c.obj
[835/1075] Building C object esp-idf/console/CMakeFiles/__idf_console.dir/argtable3/arg_int.c.obj
[836/1075] Building C object esp-idf/console/CMakeFiles/__idf_console.dir/argtable3/arg_date.c.obj
[837/1075] Building C object esp-idf/console/CMakeFiles/__idf_console.dir/argtable3/arg_str.c.obj
[838/1075] Building C object esp-idf/esp_hal_twai/CMakeFiles/__idf_esp_hal_twai.dir/esp32/twai_periph.c.obj
[839/1075] Building C object esp-idf/console/CMakeFiles/__idf_console.dir/argtable3/arg_utils.c.obj
[840/1075] Building C object esp-idf/console/CMakeFiles/__idf_console.dir/argtable3/arg_hashtable.c.obj
[841/1075] Linking C static library esp-idf/sdmmc/libsdmmc.a
[842/1075] Building C object esp-idf/esp_driver_sd_intf/CMakeFiles/__idf_esp_driver_sd_intf.dir/sd_host.c.obj
[843/1075] Linking C static library esp-idf/esp_driver_spi/libesp_driver_spi.a
[844/1075] Building C object esp-idf/console/CMakeFiles/__idf_console.dir/argtable3/argtable3.c.obj
[845/1075] Building C object esp-idf/unity/CMakeFiles/__idf_unity.dir/unity_compat.c.obj
[846/1075] Building C object esp-idf/console/CMakeFiles/__idf_console.dir/argtable3/arg_rex.c.obj
[847/1075] Building C object esp-idf/esp_hal_twai/CMakeFiles/__idf_esp_hal_twai.dir/twai_hal_v1.c.obj
[848/1075] Building C object esp-idf/unity/CMakeFiles/__idf_unity.dir/unity_runner.c.obj
[849/1075] Building C object esp-idf/unity/CMakeFiles/__idf_unity.dir/unity_utils_cache.c.obj
[850/1075] Building C object esp-idf/unity/CMakeFiles/__idf_unity.dir/unity_utils_freertos.c.obj
[851/1075] Building C object esp-idf/unity/CMakeFiles/__idf_unity.dir/port/esp/unity_utils_memory_esp.c.obj
[852/1075] Building C object esp-idf/unity/CMakeFiles/__idf_unity.dir/unity_port_esp32.c.obj
[853/1075] Linking C static library esp-idf/console/libconsole.a
[854/1075] Building C object esp-idf/unity/CMakeFiles/__idf_unity.dir/unity_utils_memory.c.obj
[855/1075] Linking C static library esp-idf/esp_hal_twai/libesp_hal_twai.a
[856/1075] Building C object esp-idf/driver/CMakeFiles/__idf_driver.dir/touch_sensor/touch_sensor_common.c.obj
[857/1075] Building C object esp-idf/unity/CMakeFiles/__idf_unity.dir/unity/src/unity.c.obj
[858/1075] Building C object esp-idf/driver/CMakeFiles/__idf_driver.dir/touch_sensor/esp32/touch_sensor.c.obj
[859/1075] Building C object esp-idf/driver/CMakeFiles/__idf_driver.dir/twai/twai.c.obj
[860/1075] Building C object esp-idf/driver/CMakeFiles/__idf_driver.dir/i2c/i2c.c.obj
[861/1075] Building C object esp-idf/protobuf-c/CMakeFiles/__idf_protobuf-c.dir/protobuf-c/protobuf-c/protobuf-c.c.obj
[862/1075] Building C object esp-idf/esp_hal_ledc/CMakeFiles/__idf_esp_hal_ledc.dir/ledc_hal.c.obj
[863/1075] Building C object esp-idf/esp_hal_ledc/CMakeFiles/__idf_esp_hal_ledc.dir/ledc_hal_iram.c.obj
[864/1075] Building C object esp-idf/esp_hal_ledc/CMakeFiles/__idf_esp_hal_ledc.dir/esp32/ledc_periph.c.obj
[865/1075] Building C object esp-idf/esp_hal_mcpwm/CMakeFiles/__idf_esp_hal_mcpwm.dir/mcpwm_hal.c.obj
[866/1075] Building C object esp-idf/esp_hal_pcnt/CMakeFiles/__idf_esp_hal_pcnt.dir/pcnt_hal.c.obj
[867/1075] Building C object esp-idf/esp_hal_mcpwm/CMakeFiles/__idf_esp_hal_mcpwm.dir/esp32/mcpwm_periph.c.obj
[868/1075] Building C object esp-idf/esp_hal_pcnt/CMakeFiles/__idf_esp_hal_pcnt.dir/esp32/pcnt_periph.c.obj
[869/1075] Building C object esp-idf/esp_driver_i2c/CMakeFiles/__idf_esp_driver_i2c.dir/i2c_common.c.obj
[870/1075] Building C object esp-idf/esp_driver_i2c/CMakeFiles/__idf_esp_driver_i2c.dir/i2c_slave.c.obj
[871/1075] Linking C static library esp-idf/esp_driver_sd_intf/libesp_driver_sd_intf.a
[872/1075] Building C object esp-idf/esp_hal_rmt/CMakeFiles/__idf_esp_hal_rmt.dir/rmt_hal.c.obj
[873/1075] Building C object esp-idf/esp_hal_rmt/CMakeFiles/__idf_esp_hal_rmt.dir/esp32/rmt_periph.c.obj
[874/1075] Building C object esp-idf/esp_driver_sdmmc/CMakeFiles/__idf_esp_driver_sdmmc.dir/legacy/src/sdmmc_transaction.c.obj
[875/1075] Building C object esp-idf/esp_driver_sdspi/CMakeFiles/__idf_esp_driver_sdspi.dir/src/sdspi_crc.c.obj
[876/1075] Building C object esp-idf/esp_driver_sdmmc/CMakeFiles/__idf_esp_driver_sdmmc.dir/legacy/src/sdmmc_host.c.obj
[877/1075] Building C object esp-idf/esp_driver_i2c/CMakeFiles/__idf_esp_driver_i2c.dir/i2c_master.c.obj
[878/1075] Building C object esp-idf/esp_driver_sdmmc/CMakeFiles/__idf_esp_driver_sdmmc.dir/src/sd_trans_sdmmc.c.obj
[879/1075] Building C object esp-idf/esp_hal_emac/CMakeFiles/__idf_esp_hal_emac.dir/esp32/emac_periph.c.obj
[880/1075] Building C object esp-idf/esp_hal_lcd/CMakeFiles/__idf_esp_hal_lcd.dir/esp32/lcd_periph.c.obj
[881/1075] Building C object esp-idf/esp_driver_sdspi/CMakeFiles/__idf_esp_driver_sdspi.dir/src/sdspi_transaction.c.obj
[882/1075] Building C object esp-idf/esp_driver_sdspi/CMakeFiles/__idf_esp_driver_sdspi.dir/src/sdspi_host.c.obj
[883/1075] Linking C static library esp-idf/protobuf-c/libprotobuf-c.a
[884/1075] Building C object esp-idf/protocomm/CMakeFiles/__idf_protocomm.dir/proto-c/constants.pb-c.c.obj
[885/1075] Building C object esp-idf/protocomm/CMakeFiles/__idf_protocomm.dir/proto-c/sec0.pb-c.c.obj
[886/1075] Building C object esp-idf/esp_hal_emac/CMakeFiles/__idf_esp_hal_emac.dir/emac_hal.c.obj
[887/1075] Building C object esp-idf/protocomm/CMakeFiles/__idf_protocomm.dir/src/common/protocomm.c.obj
[888/1075] Building C object esp-idf/protocomm/CMakeFiles/__idf_protocomm.dir/proto-c/sec1.pb-c.c.obj
[889/1075] Building C object esp-idf/protocomm/CMakeFiles/__idf_protocomm.dir/proto-c/session.pb-c.c.obj
[890/1075] Building C object esp-idf/esp_driver_sdmmc/CMakeFiles/__idf_esp_driver_sdmmc.dir/src/sd_host_sdmmc.c.obj
[891/1075] Building C object esp-idf/esp_https_server/CMakeFiles/__idf_esp_https_server.dir/src/https_server.c.obj
[892/1075] Building C object esp-idf/protocomm/CMakeFiles/__idf_protocomm.dir/proto-c/sec2.pb-c.c.obj
[893/1075] Building C object esp-idf/protocomm/CMakeFiles/__idf_protocomm.dir/src/transports/protocomm_console.c.obj
[894/1075] Building C object esp-idf/protocomm/CMakeFiles/__idf_protocomm.dir/src/crypto/srp6a/esp_srp_mpi.c.obj
[895/1075] Building CXX object esp-idf/wear_levelling/CMakeFiles/__idf_wear_levelling.dir/Partition.cpp.obj
[896/1075] Building CXX object esp-idf/wear_levelling/CMakeFiles/__idf_wear_levelling.dir/BDL_Access.cpp.obj
[897/1075] Building C object esp-idf/protocomm/CMakeFiles/__idf_protocomm.dir/src/transports/protocomm_httpd.c.obj
[898/1075] Building CXX object esp-idf/wear_levelling/CMakeFiles/__idf_wear_levelling.dir/SPI_Flash.cpp.obj
[899/1075] Performing configure step for 'bootloader'
-- Found Git: /usr/bin/git (found version "2.53.0")
-- Component directory /root/esp/esp-idf/components/idf_test does not contain a CMakeLists.txt file. No component will be added
-- Minimal build - OFF
-- The C compiler identification is GNU 15.2.0
-- The CXX compiler identification is GNU 15.2.0
-- The ASM compiler identification is GNU
-- Found assembler: /root/.espressif/tools/xtensa-esp-elf/esp-15.2.0_20251204/xtensa-esp-elf/bin/xtensa-esp32-elf-gcc
-- Detecting C compiler ABI info
-- Detecting C compiler ABI info - done
-- Check for working C compiler: /root/.espressif/tools/xtensa-esp-elf/esp-15.2.0_20251204/xtensa-esp-elf/bin/xtensa-esp32-elf-gcc - skipped
-- Detecting C compile features
-- Detecting C compile features - done
-- Detecting CXX compiler ABI info
-- Detecting CXX compiler ABI info - done
-- Check for working CXX compiler: /root/.espressif/tools/xtensa-esp-elf/esp-15.2.0_20251204/xtensa-esp-elf/bin/xtensa-esp32-elf-g++ - skipped
-- Detecting CXX compile features
-- Detecting CXX compile features - done
-- Building ESP-IDF components for target esp32
-- ESP-TEE is currently supported only on the esp32c6;esp32h2;esp32c5;esp32c61 SoCs
-- KCONFIG_REPORT_VERBOSITY not set, using default
-- Project sdkconfig file /a0/usr/projects/zclaw/sdkconfig
Configuration Report               
 ───────────────────────────────── 
   Parser Version: 1               
   Verbosity: default              
   Defaults policy: sdkconfig      
   Status: Finished successfully   
                                   
 ───────────────────────────────── 
-- Compiler supported targets: xtensa-esp-elf
-- Detecting C compiler ABI info
-- Detecting C compiler ABI info - done
-- Detecting CXX compiler ABI info
-- Detecting CXX compiler ABI info - done
-- Detecting C compiler ABI info
-- Detecting C compiler ABI info - done
-- Detecting CXX compiler ABI info
-- Detecting CXX compiler ABI info - done
-- Adding linker script /root/esp/esp-idf/components/soc/esp32/ld/esp32.peripherals.ld
-- Adding linker script /root/esp/esp-idf/components/esp_hal_regi2c/esp32/rom.regi2c.ld
-- Bootloader project name: "bootloader" version: 1
-- Adding linker script /root/esp/esp-idf/components/esp_rom/esp32/ld/esp32.rom.ld
-- Adding linker script /root/esp/esp-idf/components/esp_rom/esp32/ld/esp32.rom.api.ld
-- Adding linker script /root/esp/esp-idf/components/esp_rom/esp32/ld/esp32.rom.libgcc.ld
-- Adding linker script /root/esp/esp-idf/components/esp_rom/esp32/ld/esp32.rom.libc-funcs.ld
-- Components: bootloader bootloader_support efuse esp_app_format esp_blockdev esp_bootloader_format esp_common esp_hal_ana_conv esp_hal_clock esp_hal_dma esp_hal_gpio esp_hal_gpspi esp_hal_i2s esp_hal_mspi esp_hal_pmu esp_hal_regi2c esp_hal_rtc_timer esp_hal_security esp_hal_systimer esp_hal_timg esp_hal_uart esp_hal_usb esp_hal_wdt esp_hw_support esp_libc esp_rom esp_security esp_stdio esp_system esptool_py freertos hal log main micro-ecc partition_table soc spi_flash xtensa
-- Component paths: /root/esp/esp-idf/components/bootloader /root/esp/esp-idf/components/bootloader_support /root/esp/esp-idf/components/efuse /root/esp/esp-idf/components/esp_app_format /root/esp/esp-idf/components/esp_blockdev /root/esp/esp-idf/components/esp_bootloader_format /root/esp/esp-idf/components/esp_common /root/esp/esp-idf/components/esp_hal_ana_conv /root/esp/esp-idf/components/esp_hal_clock /root/esp/esp-idf/components/esp_hal_dma /root/esp/esp-idf/components/esp_hal_gpio /root/esp/esp-idf/components/esp_hal_gpspi /root/esp/esp-idf/components/esp_hal_i2s /root/esp/esp-idf/components/esp_hal_mspi /root/esp/esp-idf/components/esp_hal_pmu /root/esp/esp-idf/components/esp_hal_regi2c /root/esp/esp-idf/components/esp_hal_rtc_timer /root/esp/esp-idf/components/esp_hal_security /root/esp/esp-idf/components/esp_hal_systimer /root/esp/esp-idf/components/esp_hal_timg /root/esp/esp-idf/components/esp_hal_uart /root/esp/esp-idf/components/esp_hal_usb /root/esp/esp-idf/components/esp_hal_wdt /root/esp/esp-idf/components/esp_hw_support /root/esp/esp-idf/components/esp_libc /root/esp/esp-idf/components/esp_rom /root/esp/esp-idf/components/esp_security /root/esp/esp-idf/components/esp_stdio /root/esp/esp-idf/components/esp_system /root/esp/esp-idf/components/esptool_py /root/esp/esp-idf/components/freertos /root/esp/esp-idf/components/hal /root/esp/esp-idf/components/log /root/esp/esp-idf/components/bootloader/subproject/main /root/esp/esp-idf/components/bootloader/subproject/components/micro-ecc /root/esp/esp-idf/components/partition_table /root/esp/esp-idf/components/soc /root/esp/esp-idf/components/spi_flash /root/esp/esp-idf/components/xtensa
-- Adding linker script /root/esp/esp-idf/components/bootloader/subproject/main/ld/esp32/bootloader.memory.ld.in
--   -> Preprocessing .in script: /root/esp/esp-idf/components/bootloader/subproject/main/ld/esp32/bootloader.memory.ld.in
-- Adding linker script /root/esp/esp-idf/components/bootloader/subproject/main/ld/esp32/bootloader.sections.ld.in
--   -> Preprocessing .in script: /root/esp/esp-idf/components/bootloader/subproject/main/ld/esp32/bootloader.sections.ld.in
-- Configuring done (26.3s)
-- Generating done (0.8s)
-- Build files have been written to: /a0/usr/projects/zclaw/build/bootloader
[900/1075] Building C object esp-idf/protocomm/CMakeFiles/__idf_protocomm.dir/src/crypto/srp6a/esp_srp.c.obj
[901/1075] Building CXX object esp-idf/wear_levelling/CMakeFiles/__idf_wear_levelling.dir/WL_Ext_Perf.cpp.obj
[902/1075] Building CXX object esp-idf/wear_levelling/CMakeFiles/__idf_wear_levelling.dir/crc32.cpp.obj
[903/1075] Building CXX object esp-idf/wear_levelling/CMakeFiles/__idf_wear_levelling.dir/WL_Ext_Safe.cpp.obj
[904/1075] Building C object esp-idf/protocomm/CMakeFiles/__idf_protocomm.dir/src/security/security2.c.obj
[905/1075] Building CXX object esp-idf/wear_levelling/CMakeFiles/__idf_wear_levelling.dir/wear_levelling.cpp.obj
[906/1075] Building CXX object esp-idf/wear_levelling/CMakeFiles/__idf_wear_levelling.dir/wl_blockdev.cpp.obj
[907/1075] Building C object esp-idf/esp_driver_gptimer/CMakeFiles/__idf_esp_driver_gptimer.dir/src/gptimer_common.c.obj
[908/1075] Linking C static library esp-idf/unity/libunity.a
[909/1075] Linking C static library esp-idf/driver/libdriver.a
[910/1075] Building C object esp-idf/cmock/CMakeFiles/__idf_cmock.dir/CMock/src/cmock.c.obj
[911/1075] Building C object esp-idf/esp_driver_gptimer/CMakeFiles/__idf_esp_driver_gptimer.dir/src/gptimer.c.obj
[912/1075] Building C object esp-idf/espressif__cjson/CMakeFiles/__idf_espressif__cjson.dir/cJSON/cJSON_Utils.c.obj
[913/1075] Building C object esp-idf/esp_driver_cam/CMakeFiles/__idf_esp_driver_cam.dir/dvp_share_ctrl.c.obj
[914/1075] Building C object esp-idf/esp_blockdev_util/CMakeFiles/__idf_esp_blockdev_util.dir/memory.c.obj
[915/1075] Building C object esp-idf/esp_blockdev_util/CMakeFiles/__idf_esp_blockdev_util.dir/generic_partition.c.obj
[916/1075] Building C object esp-idf/esp_driver_cam/CMakeFiles/__idf_esp_driver_cam.dir/esp_cam_ctlr.c.obj
[917/1075] Building C object esp-idf/esp_driver_dac/CMakeFiles/__idf_esp_driver_dac.dir/dac_oneshot.c.obj
[918/1075] Building C object esp-idf/esp_driver_dac/CMakeFiles/__idf_esp_driver_dac.dir/dac_common.c.obj
[919/1075] Building CXX object esp-idf/wear_levelling/CMakeFiles/__idf_wear_levelling.dir/WL_Flash.cpp.obj
[920/1075] Linking C static library esp-idf/esp_driver_i2c/libesp_driver_i2c.a
[921/1075] Building C object esp-idf/esp_driver_dac/CMakeFiles/__idf_esp_driver_dac.dir/dac_cosine.c.obj
[922/1075] Linking C static library esp-idf/esp_hal_ledc/libesp_hal_ledc.a
[923/1075] Linking C static library esp-idf/esp_hal_mcpwm/libesp_hal_mcpwm.a
[924/1075] Building C object esp-idf/esp_driver_mcpwm/CMakeFiles/__idf_esp_driver_mcpwm.dir/src/mcpwm_cmpr.c.obj
[925/1075] Building C object esp-idf/esp_driver_dac/CMakeFiles/__idf_esp_driver_dac.dir/esp32/dac_dma.c.obj
[926/1075] Building C object esp-idf/espressif__cjson/CMakeFiles/__idf_espressif__cjson.dir/cJSON/cJSON.c.obj
[927/1075] Building C object esp-idf/esp_driver_dac/CMakeFiles/__idf_esp_driver_dac.dir/dac_continuous.c.obj
[928/1075] Building C object esp-idf/esp_driver_mcpwm/CMakeFiles/__idf_esp_driver_mcpwm.dir/src/mcpwm_com.c.obj
[929/1075] Building C object esp-idf/esp_driver_mcpwm/CMakeFiles/__idf_esp_driver_mcpwm.dir/src/mcpwm_cap.c.obj
[930/1075] Building C object esp-idf/esp_driver_mcpwm/CMakeFiles/__idf_esp_driver_mcpwm.dir/src/mcpwm_fault.c.obj
[931/1075] Linking C static library esp-idf/esp_hal_pcnt/libesp_hal_pcnt.a
[932/1075] Building C object esp-idf/esp_driver_mcpwm/CMakeFiles/__idf_esp_driver_mcpwm.dir/src/mcpwm_gen.c.obj
[933/1075] Linking C static library esp-idf/esp_hal_rmt/libesp_hal_rmt.a
[934/1075] Building C object esp-idf/esp_driver_mcpwm/CMakeFiles/__idf_esp_driver_mcpwm.dir/src/mcpwm_oper.c.obj
[935/1075] Building C object esp-idf/esp_driver_mcpwm/CMakeFiles/__idf_esp_driver_mcpwm.dir/src/mcpwm_sync.c.obj
[936/1075] Building C object esp-idf/esp_driver_rmt/CMakeFiles/__idf_esp_driver_rmt.dir/src/rmt_common.c.obj
[937/1075] Building C object esp-idf/esp_driver_mcpwm/CMakeFiles/__idf_esp_driver_mcpwm.dir/src/mcpwm_timer.c.obj
[938/1075] Building C object esp-idf/esp_driver_rmt/CMakeFiles/__idf_esp_driver_rmt.dir/src/rmt_encoder.c.obj
[939/1075] Building C object esp-idf/esp_driver_rmt/CMakeFiles/__idf_esp_driver_rmt.dir/src/rmt_encoder_bytes.c.obj
[940/1075] Building C object esp-idf/esp_driver_rmt/CMakeFiles/__idf_esp_driver_rmt.dir/src/rmt_encoder_copy.c.obj
[941/1075] Building C object esp-idf/esp_driver_ledc/CMakeFiles/__idf_esp_driver_ledc.dir/src/ledc.c.obj
[942/1075] Building C object esp-idf/esp_driver_rmt/CMakeFiles/__idf_esp_driver_rmt.dir/src/rmt_encoder_simple.c.obj
[943/1075] Building C object esp-idf/esp_driver_rmt/CMakeFiles/__idf_esp_driver_rmt.dir/src/rmt_rx.c.obj
[944/1075] Linking C static library esp-idf/esp_driver_sdmmc/libesp_driver_sdmmc.a
[945/1075] Linking C static library esp-idf/esp_driver_sdspi/libesp_driver_sdspi.a
[946/1075] Building C object esp-idf/esp_driver_pcnt/CMakeFiles/__idf_esp_driver_pcnt.dir/src/pulse_cnt.c.obj
[947/1075] Building C object esp-idf/esp_driver_sdio/CMakeFiles/__idf_esp_driver_sdio.dir/src/sdio_slave.c.obj
[948/1075] Building C object esp-idf/esp_driver_sdm/CMakeFiles/__idf_esp_driver_sdm.dir/src/sdm.c.obj
[949/1075] Linking C static library esp-idf/esp_hal_emac/libesp_hal_emac.a
[950/1075] Building C object esp-idf/esp_driver_touch_sens/CMakeFiles/__idf_esp_driver_touch_sens.dir/hw_ver1/touch_version_specific.c.obj
[951/1075] Building C object esp-idf/esp_driver_twai/CMakeFiles/__idf_esp_driver_twai.dir/esp_twai.c.obj
[952/1075] Building C object esp-idf/esp_driver_rmt/CMakeFiles/__idf_esp_driver_rmt.dir/src/rmt_tx.c.obj
[953/1075] Building C object esp-idf/esp_driver_touch_sens/CMakeFiles/__idf_esp_driver_touch_sens.dir/common/touch_sens_common.c.obj
[954/1075] Building C object esp-idf/esp_eth/CMakeFiles/__idf_esp_eth.dir/src/esp_eth_netif_glue.c.obj
[955/1075] Building C object esp-idf/esp_eth/CMakeFiles/__idf_esp_eth.dir/src/mac/esp_eth_mac_esp_dma.c.obj
[956/1075] Building C object esp-idf/esp_eth/CMakeFiles/__idf_esp_eth.dir/src/phy/esp_eth_phy_generic.c.obj
[957/1075] Building C object esp-idf/esp_driver_twai/CMakeFiles/__idf_esp_driver_twai.dir/esp_twai_onchip.c.obj
[958/1075] Linking C static library esp-idf/esp_hal_lcd/libesp_hal_lcd.a
[959/1075] Building C object esp-idf/esp_eth/CMakeFiles/__idf_esp_eth.dir/src/esp_eth.c.obj
[960/1075] Building C object esp-idf/esp_eth/CMakeFiles/__idf_esp_eth.dir/src/mac/esp_eth_mac_esp_gpio.c.obj
[961/1075] Linking C static library esp-idf/esp_https_server/libesp_https_server.a
[962/1075] Building C object esp-idf/esp_hid/CMakeFiles/__idf_esp_hid.dir/src/esp_hidd.c.obj
[963/1075] Building C object esp-idf/esp_eth/CMakeFiles/__idf_esp_eth.dir/src/mac/esp_eth_mac_esp.c.obj
[964/1075] Building C object esp-idf/esp_lcd/CMakeFiles/__idf_esp_lcd.dir/src/esp_lcd_common.c.obj
[965/1075] Building C object esp-idf/esp_eth/CMakeFiles/__idf_esp_eth.dir/src/phy/esp_eth_phy_802_3.c.obj
[966/1075] Building C object esp-idf/esp_lcd/CMakeFiles/__idf_esp_lcd.dir/src/esp_lcd_panel_io.c.obj
[967/1075] Building C object esp-idf/esp_hid/CMakeFiles/__idf_esp_hid.dir/src/esp_hid_common.c.obj
[968/1075] Building C object esp-idf/esp_lcd/CMakeFiles/__idf_esp_lcd.dir/src/esp_lcd_panel_ops.c.obj
[969/1075] Building C object esp-idf/esp_hid/CMakeFiles/__idf_esp_hid.dir/src/esp_hidh.c.obj
[970/1075] Linking C static library esp-idf/protocomm/libprotocomm.a
[971/1075] Building C object esp-idf/esp_lcd/CMakeFiles/__idf_esp_lcd.dir/i2c/esp_lcd_panel_io_i2c.c.obj
[972/1075] Building C object esp-idf/esp_lcd/CMakeFiles/__idf_esp_lcd.dir/src/esp_lcd_panel_ssd1306.c.obj
[973/1075] Building C object esp-idf/esp_lcd/CMakeFiles/__idf_esp_lcd.dir/src/esp_lcd_panel_st7789.c.obj
[974/1075] Building C object esp-idf/esp_local_ctrl/CMakeFiles/__idf_esp_local_ctrl.dir/src/esp_local_ctrl_transport_httpd.c.obj
[975/1075] Linking C static library esp-idf/wear_levelling/libwear_levelling.a
[976/1075] Building C object esp-idf/esp_local_ctrl/CMakeFiles/__idf_esp_local_ctrl.dir/proto-c/esp_local_ctrl.pb-c.c.obj
[977/1075] Building C object esp-idf/esp_local_ctrl/CMakeFiles/__idf_esp_local_ctrl.dir/src/esp_local_ctrl_handler.c.obj
[978/1075] Building C object esp-idf/esp_local_ctrl/CMakeFiles/__idf_esp_local_ctrl.dir/src/esp_local_ctrl.c.obj
[979/1075] Building C object esp-idf/esp_lcd/CMakeFiles/__idf_esp_lcd.dir/i80/esp_lcd_panel_io_i2s.c.obj
[980/1075] Building C object esp-idf/esp_lcd/CMakeFiles/__idf_esp_lcd.dir/spi/esp_lcd_panel_io_spi.c.obj
[981/1075] Building C object esp-idf/fatfs/CMakeFiles/__idf_fatfs.dir/diskio/diskio.c.obj
[982/1075] Building C object esp-idf/fatfs/CMakeFiles/__idf_fatfs.dir/diskio/diskio_rawflash.c.obj
[983/1075] Building C object esp-idf/fatfs/CMakeFiles/__idf_fatfs.dir/diskio/diskio_wl.c.obj
[984/1075] Building C object esp-idf/fatfs/CMakeFiles/__idf_fatfs.dir/port/freertos/ffsystem.c.obj
[985/1075] Building C object esp-idf/fatfs/CMakeFiles/__idf_fatfs.dir/src/ffunicode.c.obj
[986/1075] Building C object esp-idf/fatfs/CMakeFiles/__idf_fatfs.dir/diskio/diskio_sdmmc.c.obj
[987/1075] Building C object esp-idf/fatfs/CMakeFiles/__idf_fatfs.dir/diskio/diskio_bdl.c.obj
[988/1075] Building C object esp-idf/perfmon/CMakeFiles/__idf_perfmon.dir/xtensa_perfmon_access.c.obj
[989/1075] Building C object esp-idf/fatfs/CMakeFiles/__idf_fatfs.dir/vfs/vfs_fat_sdmmc.c.obj
[990/1075] Building C object esp-idf/perfmon/CMakeFiles/__idf_perfmon.dir/xtensa_perfmon_apis.c.obj
[991/1075] Building C object esp-idf/perfmon/CMakeFiles/__idf_perfmon.dir/xtensa_perfmon_masks.c.obj
[992/1075] Building C object esp-idf/fatfs/CMakeFiles/__idf_fatfs.dir/vfs/vfs_fat_bdl.c.obj
[993/1075] Building C object esp-idf/rt/CMakeFiles/__idf_rt.dir/FreeRTOS_POSIX_utils.c.obj
[994/1075] Building C object esp-idf/fatfs/CMakeFiles/__idf_fatfs.dir/vfs/vfs_fat_spiflash.c.obj
[995/1075] Building C object esp-idf/spiffs/CMakeFiles/__idf_spiffs.dir/spiffs_api.c.obj
[996/1075] Building C object esp-idf/rt/CMakeFiles/__idf_rt.dir/FreeRTOS_POSIX_mqueue.c.obj
[997/1075] Building C object esp-idf/fatfs/CMakeFiles/__idf_fatfs.dir/vfs/vfs_fat.c.obj
[998/1075] Building C object esp-idf/spiffs/CMakeFiles/__idf_spiffs.dir/spiffs/src/spiffs_cache.c.obj
[999/1075] Building C object esp-idf/spiffs/CMakeFiles/__idf_spiffs.dir/spiffs/src/spiffs_gc.c.obj
[1000/1075] Building C object esp-idf/spiffs/CMakeFiles/__idf_spiffs.dir/spiffs/src/spiffs_check.c.obj
[1001/1075] Linking C static library esp-idf/espressif__cjson/libespressif__cjson.a
[1002/1075] Building C object esp-idf/main/CMakeFiles/__idf_main.dir/main.c.obj
FAILED: [code=1] esp-idf/main/CMakeFiles/__idf_main.dir/main.c.obj 
/root/.espressif/tools/xtensa-esp-elf/esp-15.2.0_20251204/xtensa-esp-elf/bin/xtensa-esp32-elf-gcc -DCJSON_CIRCULAR_LIMIT=10000 -DCJSON_NESTING_LIMIT=1000 -DESP_PLATFORM -DESP_PSA_ITS_AVAILABLE -DIDF_VER=\"v6.1-dev-3863-g338f341110\" -DMBEDTLS_CONFIG_FILE=\"mbedtls/esp_config.h\" -DMBEDTLS_MAJOR_VERSION=4 -DSOC_MMU_PAGE_SIZE=CONFIG_MMU_PAGE_SIZE -DSOC_XTAL_FREQ_MHZ=CONFIG_XTAL_FREQ -DTF_PSA_CRYPTO_USER_CONFIG_FILE=\"mbedtls/esp_config.h\" -DZCLAW_VERSION=\"2.11.1\" -D_GLIBCXX_HAVE_POSIX_SEMAPHORE -D_GLIBCXX_USE_POSIX_SEMAPHORE -D_GNU_SOURCE -D_POSIX_READER_WRITER_LOCKS -I/a0/usr/projects/zclaw/build/config -I/a0/usr/projects/zclaw/main -I/root/esp/esp-idf/components/esp_libc/platform_include -I/root/esp/esp-idf/components/freertos/config/include -I/root/esp/esp-idf/components/freertos/config/include/freertos -I/root/esp/esp-idf/components/freertos/config/xtensa/include -I/root/esp/esp-idf/components/freertos/FreeRTOS-Kernel/include -I/root/esp/esp-idf/components/freertos/FreeRTOS-Kernel/portable/xtensa/include -I/root/esp/esp-idf/components/freertos/FreeRTOS-Kernel/portable/xtensa/include/freertos -I/root/esp/esp-idf/components/freertos/esp_additions/include -I/root/esp/esp-idf/components/esp_hw_support/include -I/root/esp/esp-idf/components/esp_hw_support/include/soc -I/root/esp/esp-idf/components/esp_hw_support/ldo/include -I/root/esp/esp-idf/components/esp_hw_support/debug_probe/include -I/root/esp/esp-idf/components/esp_hw_support/etm/include -I/root/esp/esp-idf/components/esp_hw_support/mspi/mspi_timing_tuning/include -I/root/esp/esp-idf/components/esp_hw_support/mspi/mspi_timing_tuning/tuning_scheme_impl/include -I/root/esp/esp-idf/components/esp_hw_support/mspi/mspi_intr/include -I/root/esp/esp-idf/components/esp_hw_support/power_supply/include -I/root/esp/esp-idf/components/esp_hw_support/modem/include -I/root/esp/esp-idf/components/esp_hw_support/port/esp32/. -I/root/esp/esp-idf/components/esp_hw_support/port/esp32/include -I/root/esp/esp-idf/components/heap/include -I/root/esp/esp-idf/components/heap/tlsf -I/root/esp/esp-idf/components/log/include -I/root/esp/esp-idf/components/soc/include -I/root/esp/esp-idf/components/soc/esp32 -I/root/esp/esp-idf/components/soc/esp32/include -I/root/esp/esp-idf/components/soc/esp32/register -I/root/esp/esp-idf/components/hal/platform_port/include -I/root/esp/esp-idf/components/hal/esp32/include -I/root/esp/esp-idf/components/hal/include -I/root/esp/esp-idf/components/esp_rom/include -I/root/esp/esp-idf/components/esp_rom/esp32/include -I/root/esp/esp-idf/components/esp_rom/esp32/include/esp32 -I/root/esp/esp-idf/components/esp_rom/esp32 -I/root/esp/esp-idf/components/esp_common/include -I/root/esp/esp-idf/components/esp_system/include -I/root/esp/esp-idf/components/esp_system/port/soc -I/root/esp/esp-idf/components/esp_system/port/include/private -I/root/esp/esp-idf/components/esp_stdio/include -I/root/esp/esp-idf/components/xtensa/esp32/include -I/root/esp/esp-idf/components/xtensa/include -I/root/esp/esp-idf/components/xtensa/deprecated_include -I/root/esp/esp-idf/components/esp_hal_gpio/include -I/root/esp/esp-idf/components/esp_hal_gpio/esp32/include -I/root/esp/esp-idf/components/esp_hal_usb/include -I/root/esp/esp-idf/components/esp_hal_pmu/include -I/root/esp/esp-idf/components/esp_hal_pmu/esp32/include -I/root/esp/esp-idf/components/esp_hal_regi2c/include -I/root/esp/esp-idf/components/esp_hal_regi2c/esp32/include -I/root/esp/esp-idf/components/esp_hal_ana_conv/include -I/root/esp/esp-idf/components/esp_hal_ana_conv/esp32/include -I/root/esp/esp-idf/components/esp_hal_dma/include -I/root/esp/esp-idf/components/esp_hal_i2s/include -I/root/esp/esp-idf/components/esp_hal_i2s/esp32/include -I/root/esp/esp-idf/components/lwip/include -I/root/esp/esp-idf/components/lwip/include/apps -I/root/esp/esp-idf/components/lwip/lwip/src/include -I/root/esp/esp-idf/components/lwip/port/include -I/root/esp/esp-idf/components/lwip/port/freertos/include -I/root/esp/esp-idf/components/lwip/port/esp32xx/include -I/root/esp/esp-idf/components/lwip/port/esp32xx/include/arch -I/root/esp/esp-idf/components/lwip/port/esp32xx/include/sys -I/root/esp/esp-idf/components/nvs_flash/include -I/root/esp/esp-idf/components/esp_partition/include -I/root/esp/esp-idf/components/esp_blockdev/include -I/root/esp/esp-idf/components/esp_wifi/include -I/root/esp/esp-idf/components/esp_wifi/include/local -I/root/esp/esp-idf/components/esp_wifi/wifi_apps/include -I/root/esp/esp-idf/components/esp_wifi/wifi_apps/nan_app/include -I/root/esp/esp-idf/components/esp_wifi/remote/include -I/root/esp/esp-idf/components/esp_event/include -I/root/esp/esp-idf/components/esp_phy/include -I/root/esp/esp-idf/components/esp_phy/esp32/include -I/root/esp/esp-idf/components/esp_netif/include -I/root/esp/esp-idf/components/esp_http_client/include -I/root/esp/esp-idf/components/esp-tls -I/root/esp/esp-idf/components/esp-tls/esp-tls-crypto -I/root/esp/esp-idf/components/mbedtls/port/include -I/root/esp/esp-idf/components/mbedtls/mbedtls/include -I/root/esp/esp-idf/components/mbedtls/mbedtls/library -I/root/esp/esp-idf/components/mbedtls/mbedtls/tf-psa-crypto/core -I/root/esp/esp-idf/components/mbedtls/mbedtls/tf-psa-crypto/drivers/builtin/src -I/root/esp/esp-idf/components/mbedtls/esp_crt_bundle/include -I/root/esp/esp-idf/components/mbedtls/port/psa_driver/include -I/root/esp/esp-idf/components/esp_security/include -I/root/esp/esp-idf/components/esp_hal_security/esp32/include -I/root/esp/esp-idf/components/esp_hal_security/include -I/root/esp/esp-idf/components/mbedtls/mbedtls/tf-psa-crypto/include -I/root/esp/esp-idf/components/mbedtls/mbedtls/tf-psa-crypto/drivers/builtin/include -I/root/esp/esp-idf/components/mbedtls/mbedtls/tf-psa-crypto/drivers/everest/include -I/root/esp/esp-idf/components/mbedtls/mbedtls/tf-psa-crypto/drivers/p256-m -I/root/esp/esp-idf/components/esp_timer/include -I/a0/usr/projects/zclaw/managed_components/espressif__cjson/cJSON -I/root/esp/esp-idf/components/esp_driver_uart/include -I/root/esp/esp-idf/components/esp_hal_uart/include -I/root/esp/esp-idf/components/esp_hal_uart/esp32/include -I/root/esp/esp-idf/components/vfs/include -I/root/esp/esp-idf/components/esp_driver_gpio/include -I/root/esp/esp-idf/components/esp_driver_i2c/include -I/root/esp/esp-idf/components/esp_hal_i2c/esp32/include -I/root/esp/esp-idf/components/esp_hal_i2c/include -I/root/esp/esp-idf/components/esp_driver_usb_serial_jtag/include -I/root/esp/esp-idf/components/app_update/include -I/root/esp/esp-idf/components/bootloader_support/include -I/root/esp/esp-idf/components/bootloader_support/bootloader_flash/include -I/root/esp/esp-idf/components/esp_app_format/include -I/root/esp/esp-idf/components/esp_bootloader_format/include -I/root/esp/esp-idf/components/esp_adc/include -I/root/esp/esp-idf/components/esp_adc/interface -I/root/esp/esp-idf/components/esp_adc/esp32/include -I/root/esp/esp-idf/components/driver/i2c/include -I/root/esp/esp-idf/components/driver/touch_sensor/include -I/root/esp/esp-idf/components/driver/twai/include -I/root/esp/esp-idf/components/driver/touch_sensor/esp32/include -I/root/esp/esp-idf/components/esp_hal_twai/include -I/root/esp/esp-idf/components/esp_hal_twai/esp32/include -I/root/esp/esp-idf/components/esp_hal_touch_sens/esp32/include -I/root/esp/esp-idf/components/esp_hal_touch_sens/include @"/a0/usr/projects/zclaw/build/toolchain/cflags" -fdiagnostics-color=always -ffunction-sections -fdata-sections -Wall -Werror -Wno-error=unused-function -Wno-error=unused-variable -Wno-error=unused-but-set-variable -Wno-error=deprecated-declarations -Wextra -Wno-error=extra -Wno-unused-parameter -Wno-sign-compare -Wno-enum-conversion -gdwarf-4 -ggdb -Os -freorder-blocks -mno-target-align -fmacro-prefix-map=/a0/usr/projects/zclaw=. -fmacro-prefix-map=/root/esp/esp-idf=/IDF -fstrict-volatile-bitfields -fno-jump-tables -fno-tree-switch-conversion -std=gnu23 -Wno-old-style-declaration -fzero-init-padding-bits=all -fno-malloc-dce -MD -MT esp-idf/main/CMakeFiles/__idf_main.dir/main.c.obj -MF esp-idf/main/CMakeFiles/__idf_main.dir/main.c.obj.d -o esp-idf/main/CMakeFiles/__idf_main.dir/main.c.obj -c /a0/usr/projects/zclaw/main/main.c
/a0/usr/projects/zclaw/main/main.c: In function 'wifi_disconnect_reason_name':
/a0/usr/projects/zclaw/main/main.c:69:9: error: duplicate case value
   69 |         case WIFI_REASON_AUTH_EXPIRE: return "ASSOC_EXPIRE"; // map to AUTH_EXPIRE for compatibility
      |         ^~~~
/a0/usr/projects/zclaw/main/main.c:66:9: note: previously used here
   66 |         case WIFI_REASON_AUTH_EXPIRE: return "AUTH_EXPIRE";
      |         ^~~~
/a0/usr/projects/zclaw/main/main.c:76:9: error: duplicate case value
   76 |         case WIFI_REASON_ASSOC_NOT_AUTHED: return "ASSOC_NOT_AUTHED";
      |         ^~~~
/a0/usr/projects/zclaw/main/main.c:72:9: note: previously used here
   72 |         case WIFI_REASON_ASSOC_NOT_AUTHED: return "NOT_AUTHED";
      |         ^~~~
/a0/usr/projects/zclaw/main/main.c:82:9: error: duplicate case value
   82 |         case WIFI_REASON_NO_AP_FOUND: return "NO_AP_FOUND";
      |         ^~~~
/a0/usr/projects/zclaw/main/main.c:74:9: note: previously used here
   74 |         case WIFI_REASON_NO_AP_FOUND: return "NOT_ASSOCED";
      |         ^~~~
[1003/1075] Building C object esp-idf/spiffs/CMakeFiles/__idf_spiffs.dir/spiffs/src/spiffs_hydrogen.c.obj
[1004/1075] Building C object esp-idf/spiffs/CMakeFiles/__idf_spiffs.dir/esp_spiffs.c.obj
[1005/1075] Building C object esp-idf/fatfs/CMakeFiles/__idf_fatfs.dir/src/ff.c.obj
[1006/1075] Building C object esp-idf/main/CMakeFiles/__idf_main.dir/agent.c.obj
[1007/1075] Building C object esp-idf/spiffs/CMakeFiles/__idf_spiffs.dir/spiffs/src/spiffs_nucleus.c.obj
ninja: build stopped: subcommand failed.
ninja failed with exit code 1, output of the command is in the /a0/usr/projects/zclaw/build/log/idf_py_stderr_output_68832 and /a0/usr/projects/zclaw/build/log/idf_py_stdout_output_68832
