Executing action: all (aliases: build)
Running cmake in directory /a0/usr/projects/zclaw/build
Executing "cmake -G Ninja -B /a0/usr/projects/zclaw/build -DPYTHON_DEPS_CHECKED=1 -DPYTHON=/root/.espressif/python_env/idf6.1_py3.13_env/bin/python -DESP_PLATFORM=1 -DCCACHE_ENABLE=False /a0/usr/projects/zclaw"...
-- IDF_TARGET is not set, guessed 'esp32' from sdkconfig '/a0/usr/projects/zclaw/sdkconfig.defaults'
-- Found Git: /usr/bin/git (found version "2.53.0")
-- Component directory /a0/usr/projects/zclaw/esp-idf/components/idf_test does not contain a CMakeLists.txt file. No component will be added
-- Minimal build - OFF
-- The C compiler identification is GNU 15.2.0
-- The CXX compiler identification is GNU 15.2.0
-- The ASM compiler identification is GNU
-- Found assembler: /root/.espressif/tools/xtensa-esp-elf/esp-15.2.0_20251204/xtensa-esp-elf/bin/xtensa-esp32-elf-gcc
-- Detecting C compiler ABI info
-- Detecting C compiler ABI info - done
-- Check for working C compiler: /root/.espressif/tools/xtensa-esp-elf/esp-15.2.0_20251204/xtensa-esp-elf/bin/xtensa-esp32-elf-gcc - skipped
-- Detecting C compile features
-- Detecting C compile features - done
-- Detecting CXX compiler ABI info
-- Detecting CXX compiler ABI info - done
-- Check for working CXX compiler: /root/.espressif/tools/xtensa-esp-elf/esp-15.2.0_20251204/xtensa-esp-elf/bin/xtensa-esp32-elf-g++ - skipped
-- Detecting CXX compile features
-- Detecting CXX compile features - done
-- Building ESP-IDF components for target esp32
NOTICE: Manifest files have changed, solving dependencies.
...NOTICE: Updating lock file at /a0/usr/projects/zclaw/dependencies.lock
NOTICE: Processing 2 dependencies:
NOTICE: [1/2] espressif/cjson (1.7.19~2)
NOTICE: [2/2] idf (6.1.0)
-- ESP-TEE is currently supported only on the esp32c6;esp32h2;esp32c5;esp32c61 SoCs
-- KCONFIG_REPORT_VERBOSITY not set, using default
-- Project sdkconfig file /a0/usr/projects/zclaw/sdkconfig
info: /tmp/kconfgen_tmpf9nnf7wh:12 CONFIG_NEWLIB_NANO_FORMAT was replaced with CONFIG_LIBC_NEWLIB_NANO_FORMAT
/tmp/kconfgen_tmpf9nnf7wh:73: warning: ignoring malformed line 'EOF && tail -10 sdkconfig.defaults'
Configuration Report                                                            
 ────────────────────────────────────────────────────────────────────────────── 
   Parser Version: 1                                                            
   Verbosity: default                                                           
   Defaults policy: sdkconfig                                                   
   Status: Finished with notifications                                          
                                                                                
  Multiple Assignments                                                          
   ────────────────────────────────────────────────                             
    Symbol ZCLAW_LLM_FALLBACK:                                                  
        y (user-set value)                                                      
        y (user-set value)                                                      
        -> using y                                                              
    Symbol ZCLAW_LLM_FALLBACK_URL:                                              
        http://localhost:11434/v1 (user-set value)                              
        http://localhost:11434/v1 (user-set value)                              
        -> using http://localhost:11434/v1                                      
    Symbol ZCLAW_LLM_FALLBACK_MODEL:                                            
        llama2 (user-set value)                                                 
        llama2 (user-set value)                                                 
        -> using llama2                                                         
   ────────────────────────────────────────────────                             
  Disabled Symbols/Choices With User-Set Value                                  
   ──────────────────────────────────────────────────────────────────────────   
    * LIBC_NEWLIB_NANO_FORMAT (defined at                                       
    /a0/usr/projects/zclaw/esp-idf/components/esp_libc/Kconfig:106) with        
    user-set value y from /tmp/kconfgen_tmpf9nnf7wh                             
    * ESP_WIFI_STATIC_TX_BUFFER_NUM (defined at                                 
    /a0/usr/projects/zclaw/esp-idf/components/esp_wifi/Kconfig:89,              
    /a0/usr/projects/zclaw/esp-idf/components/esp_wifi/remote/./Kconfig.wif…    
    with user-set value 4 from /tmp/kconfgen_tmpf9nnf7wh                        
    * ESP_WIFI_ENABLE_SAE_PK (defined at                                        
    /a0/usr/projects/zclaw/esp-idf/components/esp_wifi/Kconfig:317,             
    /a0/usr/projects/zclaw/esp-idf/components/esp_wifi/remote/./Kconfig.wif…    
    with user-set value n from /tmp/kconfgen_tmpf9nnf7wh                        
    * ESP_WIFI_SOFTAP_SAE_SUPPORT (defined at                                   
    /a0/usr/projects/zclaw/esp-idf/components/esp_wifi/Kconfig:324,             
    /a0/usr/projects/zclaw/esp-idf/components/esp_wifi/remote/./Kconfig.wif…    
    with user-set value n from /tmp/kconfgen_tmpf9nnf7wh                        
    * MBEDTLS_SSL_MAX_CONTENT_LEN (defined at                                   
    /a0/usr/projects/zclaw/esp-idf/components/mbedtls/Kconfig:180) with         
    user-set value 16384 from /tmp/kconfgen_tmpf9nnf7wh                         
   ──────────────────────────────────────────────────────────────────────────   
 ────────────────────────────────────────────────────────────────────────────── 
Loading defaults file /a0/usr/projects/zclaw/sdkconfig.defaults...
-- Compiler supported targets: xtensa-esp-elf
-- Detecting C compiler ABI info
-- Detecting C compiler ABI info - done
-- Detecting CXX compiler ABI info
-- Detecting CXX compiler ABI info - done
-- Detecting C compiler ABI info
-- Detecting C compiler ABI info - done
-- Detecting CXX compiler ABI info
-- Detecting CXX compiler ABI info - done
-- App "zclaw" version: acd85f7-dirty
-- Found Python3: /root/.espressif/python_env/idf6.1_py3.13_env/bin/python (found version "3.13.11") found components: Interpreter
-- Performing Test CMAKE_HAVE_LIBC_PTHREAD
-- Performing Test CMAKE_HAVE_LIBC_PTHREAD - Success
-- Found Threads: TRUE
-- Performing Test C_COMPILER_SUPPORTS_WFORMAT_SIGNEDNESS
-- Performing Test C_COMPILER_SUPPORTS_WFORMAT_SIGNEDNESS - Success
-- Setting up mbedtls configuration
-- Linkage type is PUBLIC
-- Adding linker script /a0/usr/projects/zclaw/esp-idf/components/esp_system/ld/esp32/memory.ld.in
--   -> Preprocessing .in script: /a0/usr/projects/zclaw/esp-idf/components/esp_system/ld/esp32/memory.ld.in
-- Adding linker script /a0/usr/projects/zclaw/esp-idf/components/esp_system/ld/esp32/sections.ld.in
--   -> Preprocessing .in script: /a0/usr/projects/zclaw/esp-idf/components/esp_system/ld/esp32/sections.ld.in
--   -> Applying ldgen processing: /a0/usr/projects/zclaw/build/esp-idf/esp_system/ld/sections.ld.in
-- Adding linker script /a0/usr/projects/zclaw/esp-idf/components/esp_rom/esp32/ld/esp32.rom.ld
-- Adding linker script /a0/usr/projects/zclaw/esp-idf/components/esp_rom/esp32/ld/esp32.rom.api.ld
-- Adding linker script /a0/usr/projects/zclaw/esp-idf/components/esp_rom/esp32/ld/esp32.rom.libgcc.ld
-- Adding linker script /a0/usr/projects/zclaw/esp-idf/components/esp_rom/esp32/ld/esp32.rom.libc-funcs.ld
-- Adding linker script /a0/usr/projects/zclaw/esp-idf/components/soc/esp32/ld/esp32.peripherals.ld
-- Adding linker script /a0/usr/projects/zclaw/esp-idf/components/esp_hal_regi2c/esp32/rom.regi2c.ld
CMake Warning at esp-idf/tools/cmake/component_validation.cmake:106 (message):
  Private include directory
  '/a0/usr/projects/zclaw/esp-idf/components/esp_wifi/wifi_apps/roaming_app/include'
  belongs to component esp_wifi but is being used by component
  wpa_supplicant.  It is recommended to define the component dependency for
  wpa_supplicant on the component esp_wifi, i.e.  'idf_component_register(...
  PRIV_REQUIRES esp_wifi)' in the CMakeLists.txt of wpa_supplicant, and
  specify the included directory as idf_component_register(...
  PRIV_INCLUDE_DIRS <dir relative to component>) in the CMakeLists.txt of
  component esp_wifi.
Call Stack (most recent call first):
  esp-idf/tools/cmake/component_validation.cmake:130 (__component_validation_check_include_dirs)
  esp-idf/CMakeLists.txt:353 (__component_validation_run_checks)


CMake Warning at esp-idf/tools/cmake/component_validation.cmake:106 (message):
  Private include directory
  '/a0/usr/projects/zclaw/esp-idf/components/esp_wifi/wifi_apps/roaming_app/src'
  belongs to component esp_wifi but is being used by component
  wpa_supplicant.  It is recommended to define the component dependency for
  wpa_supplicant on the component esp_wifi, i.e.  'idf_component_register(...
  PRIV_REQUIRES esp_wifi)' in the CMakeLists.txt of wpa_supplicant, and
  specify the included directory as idf_component_register(...
  PRIV_INCLUDE_DIRS <dir relative to component>) in the CMakeLists.txt of
  component esp_wifi.
Call Stack (most recent call first):
  esp-idf/tools/cmake/component_validation.cmake:130 (__component_validation_check_include_dirs)
  esp-idf/CMakeLists.txt:353 (__component_validation_run_checks)


CMake Warning at esp-idf/tools/cmake/component_validation.cmake:106 (message):
  Private include directory
  '/a0/usr/projects/zclaw/esp-idf/components/wpa_supplicant/src' belongs to
  component wpa_supplicant but is being used by component esp_wifi.  It is
  recommended to define the component dependency for esp_wifi on the
  component wpa_supplicant, i.e.  'idf_component_register(...  PRIV_REQUIRES
  wpa_supplicant)' in the CMakeLists.txt of esp_wifi, and specify the
  included directory as idf_component_register(...  PRIV_INCLUDE_DIRS <dir
  relative to component>) in the CMakeLists.txt of component wpa_supplicant.
Call Stack (most recent call first):
  esp-idf/tools/cmake/component_validation.cmake:130 (__component_validation_check_include_dirs)
  esp-idf/CMakeLists.txt:353 (__component_validation_run_checks)


CMake Warning at esp-idf/tools/cmake/component_validation.cmake:106 (message):
  Private include directory
  '/a0/usr/projects/zclaw/esp-idf/components/wpa_supplicant/esp_supplicant/src'
  belongs to component wpa_supplicant but is being used by component
  esp_wifi.  It is recommended to define the component dependency for
  esp_wifi on the component wpa_supplicant, i.e.  'idf_component_register(...
  PRIV_REQUIRES wpa_supplicant)' in the CMakeLists.txt of esp_wifi, and
  specify the included directory as idf_component_register(...
  PRIV_INCLUDE_DIRS <dir relative to component>) in the CMakeLists.txt of
  component wpa_supplicant.
Call Stack (most recent call first):
  esp-idf/tools/cmake/component_validation.cmake:130 (__component_validation_check_include_dirs)
  esp-idf/CMakeLists.txt:353 (__component_validation_run_checks)


-- Component idf::esp_trace will be linked with -Wl,--whole-archive
-- Components: app_trace app_update bootloader bootloader_support bt cmock console cxx driver efuse esp-tls esp_adc esp_app_format esp_asrc_adapter esp_blockdev esp_blockdev_util esp_bootloader_format esp_coex esp_common esp_driver_ana_cmpr esp_driver_bitscrambler esp_driver_cam esp_driver_cordic esp_driver_dac esp_driver_dma esp_driver_gpio esp_driver_gptimer esp_driver_i2c esp_driver_i2s esp_driver_i3c esp_driver_isp esp_driver_jpeg esp_driver_ledc esp_driver_mcpwm esp_driver_parlio esp_driver_pcnt esp_driver_ppa esp_driver_rmt esp_driver_sd_intf esp_driver_sdio esp_driver_sdm esp_driver_sdmmc esp_driver_sdspi esp_driver_spi esp_driver_touch_sens esp_driver_tsens esp_driver_twai esp_driver_uart esp_driver_usb_serial_jtag esp_eth esp_event esp_gdbstub esp_hal_ana_cmpr esp_hal_ana_conv esp_hal_asrc esp_hal_cam esp_hal_clock esp_hal_cordic esp_hal_dma esp_hal_emac esp_hal_gpio esp_hal_gpspi esp_hal_i2c esp_hal_i2s esp_hal_i3c esp_hal_ieee802154 esp_hal_jpeg esp_hal_lcd esp_hal_ledc esp_hal_mcpwm esp_hal_mspi esp_hal_parlio esp_hal_pcnt esp_hal_pmu esp_hal_ppa esp_hal_regi2c esp_hal_rmt esp_hal_rtc_timer esp_hal_sd esp_hal_security esp_hal_systimer esp_hal_timg esp_hal_touch_sens esp_hal_twai esp_hal_uart esp_hal_usb esp_hal_wdt esp_hid esp_http_client esp_http_server esp_https_ota esp_https_server esp_hw_support esp_lcd esp_libc esp_local_ctrl esp_mm esp_netif esp_netif_stack esp_partition esp_phy esp_pm esp_psram esp_ringbuf esp_rom esp_security esp_stdio esp_system esp_timer esp_trace esp_usb_cdc_rom_console esp_wifi espcoredump espressif__cjson esptool_py fatfs freertos hal heap http_parser ieee802154 log lwip main mbedtls nvs_flash nvs_sec_provider openthread partition_table perfmon protobuf-c protocomm pthread rt sdmmc soc spi_flash spiffs tcp_transport ulp unity vfs wear_levelling wpa_supplicant xtensa
-- Component paths: /a0/usr/projects/zclaw/esp-idf/components/app_trace /a0/usr/projects/zclaw/esp-idf/components/app_update /a0/usr/projects/zclaw/esp-idf/components/bootloader /a0/usr/projects/zclaw/esp-idf/components/bootloader_support /a0/usr/projects/zclaw/esp-idf/components/bt /a0/usr/projects/zclaw/esp-idf/components/cmock /a0/usr/projects/zclaw/esp-idf/components/console /a0/usr/projects/zclaw/esp-idf/components/cxx /a0/usr/projects/zclaw/esp-idf/components/driver /a0/usr/projects/zclaw/esp-idf/components/efuse /a0/usr/projects/zclaw/esp-idf/components/esp-tls /a0/usr/projects/zclaw/esp-idf/components/esp_adc /a0/usr/projects/zclaw/esp-idf/components/esp_app_format /a0/usr/projects/zclaw/esp-idf/components/esp_asrc_adapter /a0/usr/projects/zclaw/esp-idf/components/esp_blockdev /a0/usr/projects/zclaw/esp-idf/components/esp_blockdev_util /a0/usr/projects/zclaw/esp-idf/components/esp_bootloader_format /a0/usr/projects/zclaw/esp-idf/components/esp_coex /a0/usr/projects/zclaw/esp-idf/components/esp_common /a0/usr/projects/zclaw/esp-idf/components/esp_driver_ana_cmpr /a0/usr/projects/zclaw/esp-idf/components/esp_driver_bitscrambler /a0/usr/projects/zclaw/esp-idf/components/esp_driver_cam /a0/usr/projects/zclaw/esp-idf/components/esp_driver_cordic /a0/usr/projects/zclaw/esp-idf/components/esp_driver_dac /a0/usr/projects/zclaw/esp-idf/components/esp_driver_dma /a0/usr/projects/zclaw/esp-idf/components/esp_driver_gpio /a0/usr/projects/zclaw/esp-idf/components/esp_driver_gptimer /a0/usr/projects/zclaw/esp-idf/components/esp_driver_i2c /a0/usr/projects/zclaw/esp-idf/components/esp_driver_i2s /a0/usr/projects/zclaw/esp-idf/components/esp_driver_i3c /a0/usr/projects/zclaw/esp-idf/components/esp_driver_isp /a0/usr/projects/zclaw/esp-idf/components/esp_driver_jpeg /a0/usr/projects/zclaw/esp-idf/components/esp_driver_ledc /a0/usr/projects/zclaw/esp-idf/components/esp_driver_mcpwm /a0/usr/projects/zclaw/esp-idf/components/esp_driver_parlio /a0/usr/projects/zclaw/esp-idf/components/esp_driver_pcnt /a0/usr/projects/zclaw/esp-idf/components/esp_driver_ppa /a0/usr/projects/zclaw/esp-idf/components/esp_driver_rmt /a0/usr/projects/zclaw/esp-idf/components/esp_driver_sd_intf /a0/usr/projects/zclaw/esp-idf/components/esp_driver_sdio /a0/usr/projects/zclaw/esp-idf/components/esp_driver_sdm /a0/usr/projects/zclaw/esp-idf/components/esp_driver_sdmmc /a0/usr/projects/zclaw/esp-idf/components/esp_driver_sdspi /a0/usr/projects/zclaw/esp-idf/components/esp_driver_spi /a0/usr/projects/zclaw/esp-idf/components/esp_driver_touch_sens /a0/usr/projects/zclaw/esp-idf/components/esp_driver_tsens /a0/usr/projects/zclaw/esp-idf/components/esp_driver_twai /a0/usr/projects/zclaw/esp-idf/components/esp_driver_uart /a0/usr/projects/zclaw/esp-idf/components/esp_driver_usb_serial_jtag /a0/usr/projects/zclaw/esp-idf/components/esp_eth /a0/usr/projects/zclaw/esp-idf/components/esp_event /a0/usr/projects/zclaw/esp-idf/components/esp_gdbstub /a0/usr/projects/zclaw/esp-idf/components/esp_hal_ana_cmpr /a0/usr/projects/zclaw/esp-idf/components/esp_hal_ana_conv /a0/usr/projects/zclaw/esp-idf/components/esp_hal_asrc /a0/usr/projects/zclaw/esp-idf/components/esp_hal_cam /a0/usr/projects/zclaw/esp-idf/components/esp_hal_clock /a0/usr/projects/zclaw/esp-idf/components/esp_hal_cordic /a0/usr/projects/zclaw/esp-idf/components/esp_hal_dma /a0/usr/projects/zclaw/esp-idf/components/esp_hal_emac /a0/usr/projects/zclaw/esp-idf/components/esp_hal_gpio /a0/usr/projects/zclaw/esp-idf/components/esp_hal_gpspi /a0/usr/projects/zclaw/esp-idf/components/esp_hal_i2c /a0/usr/projects/zclaw/esp-idf/components/esp_hal_i2s /a0/usr/projects/zclaw/esp-idf/components/esp_hal_i3c /a0/usr/projects/zclaw/esp-idf/components/esp_hal_ieee802154 /a0/usr/projects/zclaw/esp-idf/components/esp_hal_jpeg /a0/usr/projects/zclaw/esp-idf/components/esp_hal_lcd /a0/usr/projects/zclaw/esp-idf/components/esp_hal_ledc /a0/usr/projects/zclaw/esp-idf/components/esp_hal_mcpwm /a0/usr/projects/zclaw/esp-idf/components/esp_hal_mspi /a0/usr/projects/zclaw/esp-idf/components/esp_hal_parlio /a0/usr/projects/zclaw/esp-idf/components/esp_hal_pcnt /a0/usr/projects/zclaw/esp-idf/components/esp_hal_pmu /a0/usr/projects/zclaw/esp-idf/components/esp_hal_ppa /a0/usr/projects/zclaw/esp-idf/components/esp_hal_regi2c /a0/usr/projects/zclaw/esp-idf/components/esp_hal_rmt /a0/usr/projects/zclaw/esp-idf/components/esp_hal_rtc_timer /a0/usr/projects/zclaw/esp-idf/components/esp_hal_sd /a0/usr/projects/zclaw/esp-idf/components/esp_hal_security /a0/usr/projects/zclaw/esp-idf/components/esp_hal_systimer /a0/usr/projects/zclaw/esp-idf/components/esp_hal_timg /a0/usr/projects/zclaw/esp-idf/components/esp_hal_touch_sens /a0/usr/projects/zclaw/esp-idf/components/esp_hal_twai /a0/usr/projects/zclaw/esp-idf/components/esp_hal_uart /a0/usr/projects/zclaw/esp-idf/components/esp_hal_usb /a0/usr/projects/zclaw/esp-idf/components/esp_hal_wdt /a0/usr/projects/zclaw/esp-idf/components/esp_hid /a0/usr/projects/zclaw/esp-idf/components/esp_http_client /a0/usr/projects/zclaw/esp-idf/components/esp_http_server /a0/usr/projects/zclaw/esp-idf/components/esp_https_ota /a0/usr/projects/zclaw/esp-idf/components/esp_https_server /a0/usr/projects/zclaw/esp-idf/components/esp_hw_support /a0/usr/projects/zclaw/esp-idf/components/esp_lcd /a0/usr/projects/zclaw/esp-idf/components/esp_libc /a0/usr/projects/zclaw/esp-idf/components/esp_local_ctrl /a0/usr/projects/zclaw/esp-idf/components/esp_mm /a0/usr/projects/zclaw/esp-idf/components/esp_netif /a0/usr/projects/zclaw/esp-idf/components/esp_netif_stack /a0/usr/projects/zclaw/esp-idf/components/esp_partition /a0/usr/projects/zclaw/esp-idf/components/esp_phy /a0/usr/projects/zclaw/esp-idf/components/esp_pm /a0/usr/projects/zclaw/esp-idf/components/esp_psram /a0/usr/projects/zclaw/esp-idf/components/esp_ringbuf /a0/usr/projects/zclaw/esp-idf/components/esp_rom /a0/usr/projects/zclaw/esp-idf/components/esp_security /a0/usr/projects/zclaw/esp-idf/components/esp_stdio /a0/usr/projects/zclaw/esp-idf/components/esp_system /a0/usr/projects/zclaw/esp-idf/components/esp_timer /a0/usr/projects/zclaw/esp-idf/components/esp_trace /a0/usr/projects/zclaw/esp-idf/components/esp_usb_cdc_rom_console /a0/usr/projects/zclaw/esp-idf/components/esp_wifi /a0/usr/projects/zclaw/esp-idf/components/espcoredump /a0/usr/projects/zclaw/managed_components/espressif__cjson /a0/usr/projects/zclaw/esp-idf/components/esptool_py /a0/usr/projects/zclaw/esp-idf/components/fatfs /a0/usr/projects/zclaw/esp-idf/components/freertos /a0/usr/projects/zclaw/esp-idf/components/hal /a0/usr/projects/zclaw/esp-idf/components/heap /a0/usr/projects/zclaw/esp-idf/components/http_parser /a0/usr/projects/zclaw/esp-idf/components/ieee802154 /a0/usr/projects/zclaw/esp-idf/components/log /a0/usr/projects/zclaw/esp-idf/components/lwip /a0/usr/projects/zclaw/main /a0/usr/projects/zclaw/esp-idf/components/mbedtls /a0/usr/projects/zclaw/esp-idf/components/nvs_flash /a0/usr/projects/zclaw/esp-idf/components/nvs_sec_provider /a0/usr/projects/zclaw/esp-idf/components/openthread /a0/usr/projects/zclaw/esp-idf/components/partition_table /a0/usr/projects/zclaw/esp-idf/components/perfmon /a0/usr/projects/zclaw/esp-idf/components/protobuf-c /a0/usr/projects/zclaw/esp-idf/components/protocomm /a0/usr/projects/zclaw/esp-idf/components/pthread /a0/usr/projects/zclaw/esp-idf/components/rt /a0/usr/projects/zclaw/esp-idf/components/sdmmc /a0/usr/projects/zclaw/esp-idf/components/soc /a0/usr/projects/zclaw/esp-idf/components/spi_flash /a0/usr/projects/zclaw/esp-idf/components/spiffs /a0/usr/projects/zclaw/esp-idf/components/tcp_transport /a0/usr/projects/zclaw/esp-idf/components/ulp /a0/usr/projects/zclaw/esp-idf/components/unity /a0/usr/projects/zclaw/esp-idf/components/vfs /a0/usr/projects/zclaw/esp-idf/components/wear_levelling /a0/usr/projects/zclaw/esp-idf/components/wpa_supplicant /a0/usr/projects/zclaw/esp-idf/components/xtensa
-- Configuring done (31.0s)
-- Generating done (4.5s)
-- Build files have been written to: /a0/usr/projects/zclaw/build
Running ninja in directory /a0/usr/projects/zclaw/build
Executing "ninja all"...
[1/1074] Generating project_elf_src_esp32.c
[2/1074] Preprocessing linker script /a0/usr/projects/zclaw/esp-idf/components/esp_system/ld/esp32/memory.ld.in -> /a0/usr/projects/zclaw/build/esp-idf/esp_system/ld/memory.ld
[3/1074] Preprocessing linker script /a0/usr/projects/zclaw/esp-idf/components/esp_system/ld/esp32/sections.ld.in -> /a0/usr/projects/zclaw/build/esp-idf/esp_system/ld/sections.ld.in
[4/1074] Generating ../../ota_data_initial.bin
[5/1074] Generating ../../partition_table/partition-table.bin
Partition table binary generated. Contents:
*******************************************************************************
# ESP-IDF Partition Table
# Name, Type, SubType, Offset, Size, Flags
nvs,data,nvs,0x9000,16K,
nvs_key,data,nvs_keys,0xd000,4K,
otadata,data,ota,0xe000,8K,
phy_init,data,phy,0x10000,4K,
ota_0,app,ota_0,0x20000,1472K,
ota_1,app,ota_1,0x190000,1472K,
*******************************************************************************
[6/1074] Building C object esp-idf/esp_http_server/CMakeFiles/__idf_esp_http_server.dir/src/httpd_main.c.obj
[7/1074] Building C object esp-idf/esp_http_server/CMakeFiles/__idf_esp_http_server.dir/src/httpd_uri.c.obj
[8/1074] Building C object esp-idf/esp_http_server/CMakeFiles/__idf_esp_http_server.dir/src/httpd_txrx.c.obj
[9/1074] Building C object esp-idf/esp_http_server/CMakeFiles/__idf_esp_http_server.dir/src/httpd_sess.c.obj
[10/1074] Building C object esp-idf/esp_http_server/CMakeFiles/__idf_esp_http_server.dir/src/httpd_parse.c.obj
[11/1074] Building C object esp-idf/esp_https_ota/CMakeFiles/__idf_esp_https_ota.dir/src/esp_https_ota.c.obj
[12/1074] Building C object esp-idf/esp_http_server/CMakeFiles/__idf_esp_http_server.dir/src/util/ctrl_sock.c.obj
[13/1074] Linking C static library esp-idf/esp_https_ota/libesp_https_ota.a
[14/1074] Building C object esp-idf/esp_http_client/CMakeFiles/__idf_esp_http_client.dir/lib/http_header.c.obj
[15/1074] Building C object esp-idf/esp_http_server/CMakeFiles/__idf_esp_http_server.dir/src/httpd_ws.c.obj
[16/1074] Building C object esp-idf/esp_http_client/CMakeFiles/__idf_esp_http_client.dir/lib/http_utils.c.obj
[17/1074] Linking C static library esp-idf/esp_http_server/libesp_http_server.a
[18/1074] Building C object esp-idf/esp_http_client/CMakeFiles/__idf_esp_http_client.dir/lib/http_auth.c.obj
[19/1074] Building C object esp-idf/tcp_transport/CMakeFiles/__idf_tcp_transport.dir/transport.c.obj
[20/1074] Building C object esp-idf/tcp_transport/CMakeFiles/__idf_tcp_transport.dir/transport_internal.c.obj
[21/1074] Building C object esp-idf/tcp_transport/CMakeFiles/__idf_tcp_transport.dir/transport_socks_proxy.c.obj
[22/1074] Building C object esp-idf/esp_adc/CMakeFiles/__idf_esp_adc.dir/adc_cali.c.obj
[23/1074] Building C object esp-idf/tcp_transport/CMakeFiles/__idf_tcp_transport.dir/transport_ssl.c.obj
[24/1074] Building C object esp-idf/esp_adc/CMakeFiles/__idf_esp_adc.dir/adc_cali_curve_fitting.c.obj
[25/1074] Building C object esp-idf/esp_adc/CMakeFiles/__idf_esp_adc.dir/adc_common.c.obj
[26/1074] Building C object esp-idf/esp_adc/CMakeFiles/__idf_esp_adc.dir/adc_oneshot.c.obj
[27/1074] Building C object esp-idf/esp_adc/CMakeFiles/__idf_esp_adc.dir/esp32/adc_dma.c.obj
[28/1074] Building C object esp-idf/esp_http_client/CMakeFiles/__idf_esp_http_client.dir/esp_http_client.c.obj
[29/1074] Building C object esp-idf/esp_adc/CMakeFiles/__idf_esp_adc.dir/esp32/adc_cali_line_fitting.c.obj
[30/1074] Linking C static library esp-idf/esp_http_client/libesp_http_client.a
[31/1074] Building C object esp-idf/esp_adc/CMakeFiles/__idf_esp_adc.dir/adc_continuous.c.obj
[32/1074] Building C object esp-idf/esp_driver_i2s/CMakeFiles/__idf_esp_driver_i2s.dir/i2s_platform.c.obj
[33/1074] Building C object esp-idf/tcp_transport/CMakeFiles/__idf_tcp_transport.dir/transport_ws.c.obj
[34/1074] Linking C static library esp-idf/tcp_transport/libtcp_transport.a
[35/1074] Building C object esp-idf/esp_driver_i2s/CMakeFiles/__idf_esp_driver_i2s.dir/i2s_std.c.obj
[36/1074] Linking C static library esp-idf/esp_adc/libesp_adc.a
[37/1074] Building C object esp-idf/esp-tls/CMakeFiles/__idf_esp-tls.dir/esp-tls-crypto/esp_tls_crypto.c.obj
[38/1074] Building C object esp-idf/esp-tls/CMakeFiles/__idf_esp-tls.dir/esp_tls_platform_port.c.obj
[39/1074] Building C object esp-idf/esp-tls/CMakeFiles/__idf_esp-tls.dir/esp_tls_error_capture.c.obj
[40/1074] Building C object esp-idf/esp_driver_i2s/CMakeFiles/__idf_esp_driver_i2s.dir/i2s_pdm.c.obj
[41/1074] Building C object esp-idf/esp_driver_i2s/CMakeFiles/__idf_esp_driver_i2s.dir/i2s_common.c.obj
[42/1074] Linking C static library esp-idf/esp_driver_i2s/libesp_driver_i2s.a
[43/1074] Building C object esp-idf/esp_hal_i2c/CMakeFiles/__idf_esp_hal_i2c.dir/i2c_hal.c.obj
[44/1074] Building C object esp-idf/esp_hal_i2c/CMakeFiles/__idf_esp_hal_i2c.dir/i2c_hal_iram.c.obj
[45/1074] Building C object esp-idf/esp_hal_i2c/CMakeFiles/__idf_esp_hal_i2c.dir/esp32/i2c_periph.c.obj
[46/1074] Building C object esp-idf/esp-tls/CMakeFiles/__idf_esp-tls.dir/esp_tls.c.obj
[47/1074] Building C object esp-idf/esp_gdbstub/CMakeFiles/__idf_esp_gdbstub.dir/src/gdbstub_transport.c.obj
[48/1074] Building ASM object esp-idf/esp_gdbstub/CMakeFiles/__idf_esp_gdbstub.dir/src/port/xtensa/gdbstub-entry.S.obj
[49/1074] Building C object esp-idf/esp_gdbstub/CMakeFiles/__idf_esp_gdbstub.dir/src/packet.c.obj
[50/1074] Building ASM object esp-idf/esp_gdbstub/CMakeFiles/__idf_esp_gdbstub.dir/src/port/xtensa/xt_debugexception.S.obj
[51/1074] Building C object esp-idf/esp-tls/CMakeFiles/__idf_esp-tls.dir/esp_tls_mbedtls.c.obj
[52/1074] Building C object esp-idf/esp_wifi/CMakeFiles/__idf_esp_wifi.dir/src/lib_printf.c.obj
[53/1074] Linking C static library esp-idf/esp-tls/libesp-tls.a
[54/1074] Building C object esp-idf/esp_wifi/CMakeFiles/__idf_esp_wifi.dir/src/mesh_event.c.obj
[55/1074] Building C object esp-idf/esp_gdbstub/CMakeFiles/__idf_esp_gdbstub.dir/src/gdbstub.c.obj
[56/1074] Building C object esp-idf/esp_gdbstub/CMakeFiles/__idf_esp_gdbstub.dir/src/port/xtensa/gdbstub_xtensa.c.obj
[57/1074] Building C object esp-idf/esp_wifi/CMakeFiles/__idf_esp_wifi.dir/src/smartconfig.c.obj
[58/1074] Building C object esp-idf/esp_wifi/CMakeFiles/__idf_esp_wifi.dir/src/wifi_default_ap.c.obj
[59/1074] Building C object esp-idf/esp_wifi/CMakeFiles/__idf_esp_wifi.dir/src/wifi_netif.c.obj
[60/1074] Building C object esp-idf/esp_wifi/CMakeFiles/__idf_esp_wifi.dir/src/wifi_init.c.obj
[61/1074] Building C object esp-idf/esp_wifi/CMakeFiles/__idf_esp_wifi.dir/regulatory/esp_wifi_regulatory.c.obj
[62/1074] Building C object esp-idf/esp_wifi/CMakeFiles/__idf_esp_wifi.dir/src/wifi_default.c.obj
[63/1074] Building C object esp-idf/esp_wifi/CMakeFiles/__idf_esp_wifi.dir/esp32/esp_adapter.c.obj
[64/1074] Building C object esp-idf/http_parser/CMakeFiles/__idf_http_parser.dir/http_parser.c.obj
[65/1074] Building C object esp-idf/esp_wifi/CMakeFiles/__idf_esp_wifi.dir/remote/esp_eap_client_remote_weak.c.obj
[66/1074] Building C object esp-idf/esp_wifi/CMakeFiles/__idf_esp_wifi.dir/src/smartconfig_ack.c.obj
[67/1074] Building C object esp-idf/esp_coex/CMakeFiles/__idf_esp_coex.dir/src/coexist_debug_diagram.c.obj
[68/1074] Linking C static library esp-idf/http_parser/libhttp_parser.a
[69/1074] Linking C static library esp-idf/esp_hal_i2c/libesp_hal_i2c.a
[70/1074] Linking C static library esp-idf/esp_gdbstub/libesp_gdbstub.a
[71/1074] Building C object esp-idf/esp_coex/CMakeFiles/__idf_esp_coex.dir/src/coexist_debug.c.obj
[72/1074] Building C object esp-idf/esp_coex/CMakeFiles/__idf_esp_coex.dir/esp32/esp_coex_adapter.c.obj
[73/1074] Building C object esp-idf/esp_wifi/CMakeFiles/__idf_esp_wifi.dir/remote/esp_wifi_remote_weak.c.obj
[74/1074] Building C object esp-idf/esp_wifi/CMakeFiles/__idf_esp_wifi.dir/remote/esp_wifi_remote_net2.c.obj
[75/1074] Linking C static library esp-idf/esp_wifi/libesp_wifi.a
[76/1074] Building C object esp-idf/wpa_supplicant/CMakeFiles/__idf_wpa_supplicant.dir/port/os_xtensa.c.obj
[77/1074] Building C object esp-idf/wpa_supplicant/CMakeFiles/__idf_wpa_supplicant.dir/src/ap/ap_config.c.obj
[78/1074] Building C object esp-idf/wpa_supplicant/CMakeFiles/__idf_wpa_supplicant.dir/src/ap/ieee802_1x.c.obj
[79/1074] Building C object esp-idf/wpa_supplicant/CMakeFiles/__idf_wpa_supplicant.dir/port/eloop.c.obj
[80/1074] Building C object esp-idf/wpa_supplicant/CMakeFiles/__idf_wpa_supplicant.dir/src/ap/sta_info.c.obj
[81/1074] Building C object esp-idf/wpa_supplicant/CMakeFiles/__idf_wpa_supplicant.dir/src/common/sae.c.obj
[82/1074] Building C object esp-idf/wpa_supplicant/CMakeFiles/__idf_wpa_supplicant.dir/src/ap/wpa_auth_ie.c.obj
[83/1074] Building C object esp-idf/wpa_supplicant/CMakeFiles/__idf_wpa_supplicant.dir/src/ap/ieee802_11.c.obj
[84/1074] Building C object esp-idf/wpa_supplicant/CMakeFiles/__idf_wpa_supplicant.dir/src/ap/comeback_token.c.obj
[85/1074] Building C object esp-idf/wpa_supplicant/CMakeFiles/__idf_wpa_supplicant.dir/src/ap/pmksa_cache_auth.c.obj
[86/1074] Building C object esp-idf/wpa_supplicant/CMakeFiles/__idf_wpa_supplicant.dir/src/common/dragonfly.c.obj
[87/1074] Building C object esp-idf/wpa_supplicant/CMakeFiles/__idf_wpa_supplicant.dir/src/crypto/aes-siv.c.obj
[88/1074] Building C object esp-idf/wpa_supplicant/CMakeFiles/__idf_wpa_supplicant.dir/src/utils/bitfield.c.obj
[89/1074] Building C object esp-idf/wpa_supplicant/CMakeFiles/__idf_wpa_supplicant.dir/src/crypto/sha256-kdf.c.obj
[90/1074] Building C object esp-idf/wpa_supplicant/CMakeFiles/__idf_wpa_supplicant.dir/src/crypto/crypto_ops.c.obj
[91/1074] Building C object esp-idf/wpa_supplicant/CMakeFiles/__idf_wpa_supplicant.dir/src/crypto/dh_group5.c.obj
[92/1074] Building C object esp-idf/wpa_supplicant/CMakeFiles/__idf_wpa_supplicant.dir/src/crypto/aes-gcm.c.obj
[93/1074] Building C object esp-idf/wpa_supplicant/CMakeFiles/__idf_wpa_supplicant.dir/src/crypto/dh_groups.c.obj
[94/1074] Building C object esp-idf/wpa_supplicant/CMakeFiles/__idf_wpa_supplicant.dir/src/crypto/ccmp.c.obj
[95/1074] Building C object esp-idf/wpa_supplicant/CMakeFiles/__idf_wpa_supplicant.dir/src/common/wpa_common.c.obj
[96/1074] Building C object esp-idf/wpa_supplicant/CMakeFiles/__idf_wpa_supplicant.dir/src/crypto/sha1-tlsprf.c.obj
[97/1074] Building C object esp-idf/wpa_supplicant/CMakeFiles/__idf_wpa_supplicant.dir/src/crypto/sha256-tlsprf.c.obj
[98/1074] Building C object esp-idf/wpa_supplicant/CMakeFiles/__idf_wpa_supplicant.dir/src/ap/wpa_auth.c.obj
[99/1074] Building C object esp-idf/wpa_supplicant/CMakeFiles/__idf_wpa_supplicant.dir/src/crypto/sha384-tlsprf.c.obj
[100/1074] Building C object esp-idf/wpa_supplicant/CMakeFiles/__idf_wpa_supplicant.dir/src/crypto/ms_funcs.c.obj
[101/1074] Building C object esp-idf/wpa_supplicant/CMakeFiles/__idf_wpa_supplicant.dir/src/crypto/sha256-prf.c.obj
[102/1074] Building C object esp-idf/wpa_supplicant/CMakeFiles/__idf_wpa_supplicant.dir/src/crypto/sha384-prf.c.obj
[103/1074] Building C object esp-idf/wpa_supplicant/CMakeFiles/__idf_wpa_supplicant.dir/src/crypto/sha1-prf.c.obj
[104/1074] Building C object esp-idf/wpa_supplicant/CMakeFiles/__idf_wpa_supplicant.dir/src/crypto/sha1-tprf.c.obj
[105/1074] Building C object esp-idf/wpa_supplicant/CMakeFiles/__idf_wpa_supplicant.dir/src/eap_common/eap_wsc_common.c.obj
[106/1074] Building C object esp-idf/wpa_supplicant/CMakeFiles/__idf_wpa_supplicant.dir/src/crypto/md4-internal.c.obj
[107/1074] Building C object esp-idf/wpa_supplicant/CMakeFiles/__idf_wpa_supplicant.dir/src/eap_peer/chap.c.obj
[108/1074] Building C object esp-idf/wpa_supplicant/CMakeFiles/__idf_wpa_supplicant.dir/src/eap_peer/eap_common.c.obj
[109/1074] Building C object esp-idf/wpa_supplicant/CMakeFiles/__idf_wpa_supplicant.dir/src/common/ieee802_11_common.c.obj
[110/1074] Building C object esp-idf/wpa_supplicant/CMakeFiles/__idf_wpa_supplicant.dir/src/eap_peer/eap_peap_common.c.obj
[111/1074] Building C object esp-idf/wpa_supplicant/CMakeFiles/__idf_wpa_supplicant.dir/src/eap_peer/eap_tls.c.obj
[112/1074] Building C object esp-idf/wpa_supplicant/CMakeFiles/__idf_wpa_supplicant.dir/src/eap_peer/eap_mschapv2.c.obj
[113/1074] Building C object esp-idf/wpa_supplicant/CMakeFiles/__idf_wpa_supplicant.dir/src/eap_peer/eap.c.obj
[114/1074] Building C object esp-idf/wpa_supplicant/CMakeFiles/__idf_wpa_supplicant.dir/src/eap_peer/mschapv2.c.obj
[115/1074] Building C object esp-idf/wpa_supplicant/CMakeFiles/__idf_wpa_supplicant.dir/src/eap_peer/eap_peap.c.obj
[116/1074] Building C object esp-idf/wpa_supplicant/CMakeFiles/__idf_wpa_supplicant.dir/src/eap_peer/eap_tls_common.c.obj
[117/1074] Building C object esp-idf/wpa_supplicant/CMakeFiles/__idf_wpa_supplicant.dir/src/eap_peer/eap_fast_common.c.obj
[118/1074] Building C object esp-idf/wpa_supplicant/CMakeFiles/__idf_wpa_supplicant.dir/src/rsn_supp/pmksa_cache.c.obj
[119/1074] Building C object esp-idf/wpa_supplicant/CMakeFiles/__idf_wpa_supplicant.dir/src/eap_peer/eap_fast_pac.c.obj
[120/1074] Building C object esp-idf/wpa_supplicant/CMakeFiles/__idf_wpa_supplicant.dir/src/eap_peer/eap_ttls.c.obj
[121/1074] Building C object esp-idf/wpa_supplicant/CMakeFiles/__idf_wpa_supplicant.dir/src/rsn_supp/wpa_ie.c.obj
[122/1074] Building C object esp-idf/wpa_supplicant/CMakeFiles/__idf_wpa_supplicant.dir/src/utils/ext_password.c.obj
[123/1074] Building C object esp-idf/wpa_supplicant/CMakeFiles/__idf_wpa_supplicant.dir/src/utils/uuid.c.obj
[124/1074] Building C object esp-idf/wpa_supplicant/CMakeFiles/__idf_wpa_supplicant.dir/src/utils/base64.c.obj
[125/1074] Building C object esp-idf/wpa_supplicant/CMakeFiles/__idf_wpa_supplicant.dir/src/utils/common.c.obj
[126/1074] Building C object esp-idf/wpa_supplicant/CMakeFiles/__idf_wpa_supplicant.dir/src/utils/wpabuf.c.obj
[127/1074] Building C object esp-idf/wpa_supplicant/CMakeFiles/__idf_wpa_supplicant.dir/src/utils/wpa_debug.c.obj
[128/1074] Building C object esp-idf/wpa_supplicant/CMakeFiles/__idf_wpa_supplicant.dir/src/eap_peer/eap_fast.c.obj
[129/1074] Building C object esp-idf/wpa_supplicant/CMakeFiles/__idf_wpa_supplicant.dir/src/wps/wps.c.obj
[130/1074] Building C object esp-idf/wpa_supplicant/CMakeFiles/__idf_wpa_supplicant.dir/src/wps/wps_attr_build.c.obj
[131/1074] Building C object esp-idf/wpa_supplicant/CMakeFiles/__idf_wpa_supplicant.dir/src/utils/json.c.obj
[132/1074] Building C object esp-idf/wpa_supplicant/CMakeFiles/__idf_wpa_supplicant.dir/src/wps/wps_attr_parse.c.obj
[133/1074] Building C object esp-idf/wpa_supplicant/CMakeFiles/__idf_wpa_supplicant.dir/src/rsn_supp/wpa.c.obj
[134/1074] Building C object esp-idf/wpa_supplicant/CMakeFiles/__idf_wpa_supplicant.dir/esp_supplicant/src/esp_wpa2_api_port.c.obj
[135/1074] Building C object esp-idf/wpa_supplicant/CMakeFiles/__idf_wpa_supplicant.dir/src/wps/wps_attr_process.c.obj
[136/1074] Building C object esp-idf/wpa_supplicant/CMakeFiles/__idf_wpa_supplicant.dir/esp_supplicant/src/esp_wpas_glue.c.obj
[137/1074] Building C object esp-idf/wpa_supplicant/CMakeFiles/__idf_wpa_supplicant.dir/src/wps/wps_common.c.obj
[138/1074] Building C object esp-idf/wpa_supplicant/CMakeFiles/__idf_wpa_supplicant.dir/src/wps/wps_dev_attr.c.obj
[139/1074] Building C object esp-idf/wpa_supplicant/CMakeFiles/__idf_wpa_supplicant.dir/esp_supplicant/src/esp_wpa3.c.obj
[140/1074] Building C object esp-idf/wpa_supplicant/CMakeFiles/__idf_wpa_supplicant.dir/esp_supplicant/src/esp_owe.c.obj
[141/1074] Building C object esp-idf/wpa_supplicant/CMakeFiles/__idf_wpa_supplicant.dir/esp_supplicant/src/esp_wpa_main.c.obj
[142/1074] Building C object esp-idf/wpa_supplicant/CMakeFiles/__idf_wpa_supplicant.dir/esp_supplicant/src/esp_common.c.obj
[143/1074] Building C object esp-idf/wpa_supplicant/CMakeFiles/__idf_wpa_supplicant.dir/src/wps/wps_enrollee.c.obj
[144/1074] Building C object esp-idf/wpa_supplicant/CMakeFiles/__idf_wpa_supplicant.dir/esp_supplicant/src/esp_eap_client.c.obj
[145/1074] Building C object esp-idf/wpa_supplicant/CMakeFiles/__idf_wpa_supplicant.dir/esp_supplicant/src/esp_hostap.c.obj
[146/1074] Building C object esp-idf/wpa_supplicant/CMakeFiles/__idf_wpa_supplicant.dir/esp_supplicant/src/esp_wps.c.obj
[147/1074] Building C object esp-idf/wpa_supplicant/CMakeFiles/__idf_wpa_supplicant.dir/src/tls/pkcs1.c.obj
[148/1074] Building C object esp-idf/wpa_supplicant/CMakeFiles/__idf_wpa_supplicant.dir/src/tls/asn1.c.obj
[149/1074] Building C object esp-idf/wpa_supplicant/CMakeFiles/__idf_wpa_supplicant.dir/src/tls/pkcs8.c.obj
[150/1074] Building C object esp-idf/wpa_supplicant/CMakeFiles/__idf_wpa_supplicant.dir/src/tls/rsa.c.obj
[151/1074] Building C object esp-idf/wpa_supplicant/CMakeFiles/__idf_wpa_supplicant.dir/src/tls/pkcs5.c.obj
[152/1074] Building C object esp-idf/wpa_supplicant/CMakeFiles/__idf_wpa_supplicant.dir/src/crypto/tls_internal.c.obj
[153/1074] Building C object esp-idf/wpa_supplicant/CMakeFiles/__idf_wpa_supplicant.dir/src/tls/bignum.c.obj
[154/1074] Building C object esp-idf/wpa_supplicant/CMakeFiles/__idf_wpa_supplicant.dir/src/tls/tlsv1_client.c.obj
[155/1074] Building C object esp-idf/wpa_supplicant/CMakeFiles/__idf_wpa_supplicant.dir/src/tls/tlsv1_common.c.obj
[156/1074] Building C object esp-idf/wpa_supplicant/CMakeFiles/__idf_wpa_supplicant.dir/src/tls/tlsv1_cred.c.obj
[157/1074] Building C object esp-idf/wpa_supplicant/CMakeFiles/__idf_wpa_supplicant.dir/src/tls/tlsv1_client_write.c.obj
[158/1074] Building C object esp-idf/wpa_supplicant/CMakeFiles/__idf_wpa_supplicant.dir/src/tls/tlsv1_record.c.obj
[159/1074] Building C object esp-idf/wpa_supplicant/CMakeFiles/__idf_wpa_supplicant.dir/src/tls/tlsv1_client_read.c.obj
[160/1074] Building C object esp-idf/wpa_supplicant/CMakeFiles/__idf_wpa_supplicant.dir/src/tls/tlsv1_client_ocsp.c.obj
[161/1074] Building C object esp-idf/wpa_supplicant/CMakeFiles/__idf_wpa_supplicant.dir/src/crypto/rc4.c.obj
[162/1074] Building C object esp-idf/wpa_supplicant/CMakeFiles/__idf_wpa_supplicant.dir/esp_supplicant/src/crypto/crypto_mbedtls-rsa.c.obj
[163/1074] Building C object esp-idf/wpa_supplicant/CMakeFiles/__idf_wpa_supplicant.dir/src/crypto/des-internal.c.obj
[164/1074] Building C object esp-idf/wpa_supplicant/CMakeFiles/__idf_wpa_supplicant.dir/esp_supplicant/src/crypto/crypto_mbedtls-bignum.c.obj
[165/1074] Building C object esp-idf/wpa_supplicant/CMakeFiles/__idf_wpa_supplicant.dir/esp_supplicant/src/crypto/crypto_mbedtls.c.obj
[166/1074] Building C object esp-idf/wpa_supplicant/CMakeFiles/__idf_wpa_supplicant.dir/src/crypto/aes-wrap.c.obj
[167/1074] Linking C static library esp-idf/esp_coex/libesp_coex.a
[168/1074] Building C object esp-idf/wpa_supplicant/CMakeFiles/__idf_wpa_supplicant.dir/src/tls/x509v3.c.obj
[169/1074] Building C object esp-idf/wpa_supplicant/CMakeFiles/__idf_wpa_supplicant.dir/esp_supplicant/src/crypto/fastpbkdf2.c.obj
[170/1074] Building C object esp-idf/esp_netif/CMakeFiles/__idf_esp_netif.dir/esp_netif_objects.c.obj
[171/1074] Building C object esp-idf/esp_netif/CMakeFiles/__idf_esp_netif.dir/esp_netif_handlers.c.obj
[172/1074] Building C object esp-idf/wpa_supplicant/CMakeFiles/__idf_wpa_supplicant.dir/src/crypto/aes-unwrap.c.obj
[173/1074] Building C object esp-idf/esp_netif/CMakeFiles/__idf_esp_netif.dir/esp_netif_defaults.c.obj
[174/1074] Building C object esp-idf/wpa_supplicant/CMakeFiles/__idf_wpa_supplicant.dir/src/crypto/aes-ccm.c.obj
[175/1074] Building C object esp-idf/esp_netif/CMakeFiles/__idf_esp_netif.dir/lwip/esp_netif_lwip_defaults.c.obj
[176/1074] Building C object esp-idf/esp_netif/CMakeFiles/__idf_esp_netif.dir/lwip/esp_netif_sntp.c.obj
[177/1074] Building C object esp-idf/esp_netif/CMakeFiles/__idf_esp_netif.dir/lwip/netif/wlanif.c.obj
[178/1074] Building C object esp-idf/esp_netif/CMakeFiles/__idf_esp_netif.dir/lwip/netif/ethernetif.c.obj
[179/1074] Building C object esp-idf/esp_netif/CMakeFiles/__idf_esp_netif.dir/lwip/netif/esp_pbuf_ref.c.obj
[180/1074] Building C object esp-idf/lwip/CMakeFiles/__idf_lwip.dir/lwip/src/api/err.c.obj
[181/1074] Building C object esp-idf/lwip/CMakeFiles/__idf_lwip.dir/lwip/src/api/if_api.c.obj
[182/1074] Building C object esp-idf/lwip/CMakeFiles/__idf_lwip.dir/apps/sntp/sntp.c.obj
[183/1074] Building C object esp-idf/wpa_supplicant/CMakeFiles/__idf_wpa_supplicant.dir/esp_supplicant/src/crypto/crypto_mbedtls-ec.c.obj
[184/1074] Building C object esp-idf/lwip/CMakeFiles/__idf_lwip.dir/lwip/src/api/netbuf.c.obj
[185/1074] Building C object esp-idf/lwip/CMakeFiles/__idf_lwip.dir/lwip/src/api/api_lib.c.obj
[186/1074] Building C object esp-idf/lwip/CMakeFiles/__idf_lwip.dir/lwip/src/api/netdb.c.obj
[187/1074] Linking C static library esp-idf/wpa_supplicant/libwpa_supplicant.a
[188/1074] Building C object esp-idf/lwip/CMakeFiles/__idf_lwip.dir/lwip/src/api/netifapi.c.obj
[189/1074] Building C object esp-idf/lwip/CMakeFiles/__idf_lwip.dir/lwip/src/api/tcpip.c.obj
[190/1074] Building C object esp-idf/lwip/CMakeFiles/__idf_lwip.dir/lwip/src/apps/sntp/sntp.c.obj
[191/1074] Building C object esp-idf/lwip/CMakeFiles/__idf_lwip.dir/lwip/src/apps/netbiosns/netbiosns.c.obj
[192/1074] Building C object esp-idf/esp_netif/CMakeFiles/__idf_esp_netif.dir/lwip/esp_netif_lwip.c.obj
[193/1074] Building C object esp-idf/lwip/CMakeFiles/__idf_lwip.dir/lwip/src/api/api_msg.c.obj
[194/1074] Building C object esp-idf/lwip/CMakeFiles/__idf_lwip.dir/lwip/src/core/inet_chksum.c.obj
[195/1074] Building C object esp-idf/lwip/CMakeFiles/__idf_lwip.dir/lwip/src/core/def.c.obj
[196/1074] Building C object esp-idf/lwip/CMakeFiles/__idf_lwip.dir/lwip/src/core/init.c.obj
[197/1074] Building C object esp-idf/lwip/CMakeFiles/__idf_lwip.dir/lwip/src/core/ip.c.obj
[198/1074] Building C object esp-idf/lwip/CMakeFiles/__idf_lwip.dir/lwip/src/core/mem.c.obj
[199/1074] Building C object esp-idf/lwip/CMakeFiles/__idf_lwip.dir/lwip/src/core/dns.c.obj
[200/1074] Building C object esp-idf/lwip/CMakeFiles/__idf_lwip.dir/lwip/src/core/memp.c.obj
[201/1074] Building C object esp-idf/lwip/CMakeFiles/__idf_lwip.dir/lwip/src/core/raw.c.obj
[202/1074] Building C object esp-idf/lwip/CMakeFiles/__idf_lwip.dir/lwip/src/core/sys.c.obj
[203/1074] Building C object esp-idf/lwip/CMakeFiles/__idf_lwip.dir/lwip/src/core/stats.c.obj
[204/1074] Building C object esp-idf/lwip/CMakeFiles/__idf_lwip.dir/lwip/src/core/netif.c.obj
[205/1074] Building C object esp-idf/lwip/CMakeFiles/__idf_lwip.dir/lwip/src/core/pbuf.c.obj
[206/1074] Building C object esp-idf/lwip/CMakeFiles/__idf_lwip.dir/lwip/src/core/timeouts.c.obj
[207/1074] Building C object esp-idf/lwip/CMakeFiles/__idf_lwip.dir/lwip/src/core/ipv4/autoip.c.obj
[208/1074] Building C object esp-idf/lwip/CMakeFiles/__idf_lwip.dir/lwip/src/api/sockets.c.obj
[209/1074] Building C object esp-idf/lwip/CMakeFiles/__idf_lwip.dir/lwip/src/core/udp.c.obj
[210/1074] Building C object esp-idf/lwip/CMakeFiles/__idf_lwip.dir/lwip/src/core/tcp_out.c.obj
[211/1074] Building C object esp-idf/lwip/CMakeFiles/__idf_lwip.dir/lwip/src/core/tcp.c.obj
[212/1074] Building C object esp-idf/lwip/CMakeFiles/__idf_lwip.dir/lwip/src/core/ipv4/etharp.c.obj
[213/1074] Building C object esp-idf/lwip/CMakeFiles/__idf_lwip.dir/lwip/src/core/ipv4/icmp.c.obj
[214/1074] Building C object esp-idf/lwip/CMakeFiles/__idf_lwip.dir/lwip/src/core/ipv4/ip4_napt.c.obj
[215/1074] Building C object esp-idf/lwip/CMakeFiles/__idf_lwip.dir/lwip/src/core/tcp_in.c.obj
[216/1074] Building C object esp-idf/lwip/CMakeFiles/__idf_lwip.dir/lwip/src/core/ipv4/ip4.c.obj
[217/1074] Building C object esp-idf/lwip/CMakeFiles/__idf_lwip.dir/lwip/src/core/ipv4/ip4_frag.c.obj
[218/1074] Building C object esp-idf/lwip/CMakeFiles/__idf_lwip.dir/lwip/src/core/ipv4/igmp.c.obj
[219/1074] Building C object esp-idf/lwip/CMakeFiles/__idf_lwip.dir/lwip/src/core/ipv6/dhcp6.c.obj
[220/1074] Building C object esp-idf/lwip/CMakeFiles/__idf_lwip.dir/lwip/src/core/ipv4/ip4_addr.c.obj
[221/1074] Building C object esp-idf/lwip/CMakeFiles/__idf_lwip.dir/lwip/src/core/ipv6/icmp6.c.obj
[222/1074] Building C object esp-idf/lwip/CMakeFiles/__idf_lwip.dir/lwip/src/core/ipv6/ethip6.c.obj
[223/1074] Building C object esp-idf/lwip/CMakeFiles/__idf_lwip.dir/lwip/src/core/ipv6/ip6.c.obj
[224/1074] Building C object esp-idf/lwip/CMakeFiles/__idf_lwip.dir/lwip/src/core/ipv6/ip6_addr.c.obj
[225/1074] Building C object esp-idf/lwip/CMakeFiles/__idf_lwip.dir/lwip/src/core/ipv6/inet6.c.obj
[226/1074] Building C object esp-idf/lwip/CMakeFiles/__idf_lwip.dir/lwip/src/core/ipv6/nd6.c.obj
[227/1074] Building C object esp-idf/lwip/CMakeFiles/__idf_lwip.dir/lwip/src/core/ipv4/dhcp.c.obj
[228/1074] Building C object esp-idf/lwip/CMakeFiles/__idf_lwip.dir/lwip/src/core/ipv6/ip6_frag.c.obj
[229/1074] Building C object esp-idf/lwip/CMakeFiles/__idf_lwip.dir/lwip/src/core/ipv6/mld6.c.obj
[230/1074] Building C object esp-idf/lwip/CMakeFiles/__idf_lwip.dir/lwip/src/netif/bridgeif.c.obj
[231/1074] Building C object esp-idf/lwip/CMakeFiles/__idf_lwip.dir/lwip/src/netif/ethernet.c.obj
[232/1074] Building C object esp-idf/lwip/CMakeFiles/__idf_lwip.dir/lwip/src/netif/slipif.c.obj
[233/1074] Building C object esp-idf/lwip/CMakeFiles/__idf_lwip.dir/lwip/src/netif/ppp/auth.c.obj
[234/1074] Building C object esp-idf/lwip/CMakeFiles/__idf_lwip.dir/lwip/src/netif/bridgeif_fdb.c.obj
[235/1074] Building C object esp-idf/lwip/CMakeFiles/__idf_lwip.dir/lwip/src/netif/ppp/chap-md5.c.obj
[236/1074] Building C object esp-idf/lwip/CMakeFiles/__idf_lwip.dir/lwip/src/netif/ppp/ccp.c.obj
[237/1074] Building C object esp-idf/lwip/CMakeFiles/__idf_lwip.dir/lwip/src/netif/ppp/chap-new.c.obj
[238/1074] Building C object esp-idf/lwip/CMakeFiles/__idf_lwip.dir/lwip/src/netif/ppp/chap_ms.c.obj
[239/1074] Building C object esp-idf/lwip/CMakeFiles/__idf_lwip.dir/lwip/src/netif/ppp/demand.c.obj
[240/1074] Building C object esp-idf/lwip/CMakeFiles/__idf_lwip.dir/lwip/src/netif/ppp/eap.c.obj
[241/1074] Building C object esp-idf/lwip/CMakeFiles/__idf_lwip.dir/lwip/src/netif/ppp/eui64.c.obj
[242/1074] Building C object esp-idf/lwip/CMakeFiles/__idf_lwip.dir/lwip/src/netif/ppp/ecp.c.obj
[243/1074] Building C object esp-idf/lwip/CMakeFiles/__idf_lwip.dir/lwip/src/netif/ppp/ipv6cp.c.obj
[244/1074] Building C object esp-idf/lwip/CMakeFiles/__idf_lwip.dir/lwip/src/netif/ppp/ipcp.c.obj
[245/1074] Building C object esp-idf/lwip/CMakeFiles/__idf_lwip.dir/lwip/src/netif/ppp/magic.c.obj
[246/1074] Building C object esp-idf/lwip/CMakeFiles/__idf_lwip.dir/lwip/src/netif/ppp/fsm.c.obj
[247/1074] Building C object esp-idf/lwip/CMakeFiles/__idf_lwip.dir/lwip/src/netif/ppp/lcp.c.obj
[248/1074] Building C object esp-idf/lwip/CMakeFiles/__idf_lwip.dir/lwip/src/netif/ppp/mppe.c.obj
[249/1074] Building C object esp-idf/lwip/CMakeFiles/__idf_lwip.dir/lwip/src/netif/ppp/ppp.c.obj
[250/1074] Building C object esp-idf/lwip/CMakeFiles/__idf_lwip.dir/lwip/src/netif/ppp/pppapi.c.obj
[251/1074] Building C object esp-idf/lwip/CMakeFiles/__idf_lwip.dir/lwip/src/netif/ppp/multilink.c.obj
[252/1074] Building C object esp-idf/lwip/CMakeFiles/__idf_lwip.dir/lwip/src/netif/ppp/pppcrypt.c.obj
[253/1074] Building C object esp-idf/lwip/CMakeFiles/__idf_lwip.dir/lwip/src/netif/ppp/pppol2tp.c.obj
[254/1074] Building C object esp-idf/lwip/CMakeFiles/__idf_lwip.dir/lwip/src/netif/ppp/pppoe.c.obj
[255/1074] Building C object esp-idf/lwip/CMakeFiles/__idf_lwip.dir/lwip/src/netif/ppp/upap.c.obj
[256/1074] Building C object esp-idf/lwip/CMakeFiles/__idf_lwip.dir/lwip/src/netif/ppp/utils.c.obj
[257/1074] Building C object esp-idf/lwip/CMakeFiles/__idf_lwip.dir/lwip/src/netif/ppp/pppos.c.obj
[258/1074] Building C object esp-idf/lwip/CMakeFiles/__idf_lwip.dir/lwip/src/netif/ppp/vj.c.obj
[259/1074] Building C object esp-idf/lwip/CMakeFiles/__idf_lwip.dir/port/hooks/tcp_isn_default.c.obj
[260/1074] Building C object esp-idf/lwip/CMakeFiles/__idf_lwip.dir/port/hooks/lwip_default_hooks.c.obj
[261/1074] Building C object esp-idf/lwip/CMakeFiles/__idf_lwip.dir/port/sockets_ext.c.obj
[262/1074] Building C object esp-idf/lwip/CMakeFiles/__idf_lwip.dir/port/if_index.c.obj
[263/1074] Building C object esp-idf/lwip/CMakeFiles/__idf_lwip.dir/port/debug/lwip_debug.c.obj
[264/1074] Building C object esp-idf/lwip/CMakeFiles/__idf_lwip.dir/port/acd_dhcp_check.c.obj
[265/1074] Building C object esp-idf/lwip/CMakeFiles/__idf_lwip.dir/port/freertos/sys_arch.c.obj
[266/1074] Building C object esp-idf/lwip/CMakeFiles/__idf_lwip.dir/lwip/src/netif/ppp/polarssl/md4.c.obj
[267/1074] Building C object esp-idf/lwip/CMakeFiles/__idf_lwip.dir/port/esp32xx/vfs_lwip.c.obj
[268/1074] Building C object esp-idf/lwip/CMakeFiles/__idf_lwip.dir/lwip/src/netif/ppp/polarssl/des.c.obj
[269/1074] Building C object esp-idf/lwip/CMakeFiles/__idf_lwip.dir/lwip/src/netif/ppp/polarssl/arc4.c.obj
[270/1074] Building C object esp-idf/lwip/CMakeFiles/__idf_lwip.dir/lwip/src/netif/ppp/polarssl/md5.c.obj
[271/1074] Linking C static library esp-idf/esp_netif/libesp_netif.a
[272/1074] Building C object esp-idf/lwip/CMakeFiles/__idf_lwip.dir/lwip/src/netif/ppp/polarssl/sha1.c.obj
[273/1074] Building C object esp-idf/lwip/CMakeFiles/__idf_lwip.dir/apps/ping/ping_sock.c.obj
[274/1074] Building C object esp-idf/vfs/CMakeFiles/__idf_vfs.dir/vfs.c.obj
[275/1074] Building C object esp-idf/vfs/CMakeFiles/__idf_vfs.dir/vfs_eventfd.c.obj
[276/1074] Building C object esp-idf/vfs/CMakeFiles/__idf_vfs.dir/nullfs.c.obj
[277/1074] Building C object esp-idf/esp_phy/CMakeFiles/__idf_esp_phy.dir/src/lib_printf.c.obj
[278/1074] Building C object esp-idf/esp_phy/CMakeFiles/__idf_esp_phy.dir/src/phy_override.c.obj
[279/1074] Building C object esp-idf/esp_phy/CMakeFiles/__idf_esp_phy.dir/esp32/phy_init_data.c.obj
[280/1074] Building C object esp-idf/vfs/CMakeFiles/__idf_vfs.dir/vfs_semihost.c.obj
[281/1074] Building C object esp-idf/esp_phy/CMakeFiles/__idf_esp_phy.dir/src/phy_common.c.obj
[282/1074] Building C object esp-idf/vfs/CMakeFiles/__idf_vfs.dir/vfs_calls.c.obj
[283/1074] Building C object esp-idf/lwip/CMakeFiles/__idf_lwip.dir/apps/dhcpserver/dhcpserver.c.obj
[284/1074] Building C object esp-idf/esp_phy/CMakeFiles/__idf_esp_phy.dir/src/btbb_init.c.obj
[285/1074] Building C object esp-idf/esp_phy/CMakeFiles/__idf_esp_phy.dir/src/phy_init.c.obj
[286/1074] Linking C static library esp-idf/lwip/liblwip.a
[287/1074] Linking C static library esp-idf/vfs/libvfs.a
[288/1074] Building CXX object esp-idf/nvs_flash/CMakeFiles/__idf_nvs_flash.dir/src/nvs_item_hash_list.cpp.obj
[289/1074] Building CXX object esp-idf/nvs_flash/CMakeFiles/__idf_nvs_flash.dir/src/nvs_cxx_api.cpp.obj
[290/1074] Building CXX object esp-idf/nvs_flash/CMakeFiles/__idf_nvs_flash.dir/src/nvs_pagemanager.cpp.obj
[291/1074] Building CXX object esp-idf/nvs_flash/CMakeFiles/__idf_nvs_flash.dir/src/nvs_storage.cpp.obj
[292/1074] Building CXX object esp-idf/nvs_flash/CMakeFiles/__idf_nvs_flash.dir/src/nvs_page.cpp.obj
[293/1074] Building CXX object esp-idf/nvs_flash/CMakeFiles/__idf_nvs_flash.dir/src/nvs_partition.cpp.obj
[294/1074] Building CXX object esp-idf/nvs_flash/CMakeFiles/__idf_nvs_flash.dir/src/nvs_api.cpp.obj
[295/1074] Building CXX object esp-idf/nvs_flash/CMakeFiles/__idf_nvs_flash.dir/src/nvs_platform.cpp.obj
[296/1074] Building CXX object esp-idf/nvs_flash/CMakeFiles/__idf_nvs_flash.dir/src/nvs_partition_lookup.cpp.obj
[297/1074] Building C object esp-idf/nvs_flash/CMakeFiles/__idf_nvs_flash.dir/src/nvs_bootloader.c.obj
[298/1074] Building C object esp-idf/nvs_flash/CMakeFiles/__idf_nvs_flash.dir/src/nvs_bootloader_aes.c.obj
[299/1074] Building C object esp-idf/nvs_flash/CMakeFiles/__idf_nvs_flash.dir/src/nvs_bootloader_xts_aes.c.obj
[300/1074] Linking C static library esp-idf/esp_phy/libesp_phy.a
[301/1074] Building CXX object esp-idf/nvs_flash/CMakeFiles/__idf_nvs_flash.dir/src/nvs_handle_locked.cpp.obj
[302/1074] Building C object esp-idf/nvs_sec_provider/CMakeFiles/__idf_nvs_sec_provider.dir/nvs_sec_provider.c.obj
[303/1074] Building CXX object esp-idf/nvs_flash/CMakeFiles/__idf_nvs_flash.dir/src/nvs_handle_simple.cpp.obj
[304/1074] Building C object esp-idf/esp_event/CMakeFiles/__idf_esp_event.dir/default_event_loop.c.obj
[305/1074] Building C object esp-idf/esp_event/CMakeFiles/__idf_esp_event.dir/esp_event_private.c.obj
[306/1074] Building CXX object esp-idf/nvs_flash/CMakeFiles/__idf_nvs_flash.dir/src/nvs_partition_manager.cpp.obj
[307/1074] Building C object esp-idf/esp_driver_uart/CMakeFiles/__idf_esp_driver_uart.dir/src/uart_wakeup.c.obj
[308/1074] Building C object esp-idf/esp_psram/CMakeFiles/__idf_esp_psram.dir/system_layer/esp_psram_mspi.c.obj
[309/1074] Building CXX object esp-idf/nvs_flash/CMakeFiles/__idf_nvs_flash.dir/src/nvs_types.cpp.obj
[310/1074] Building C object esp-idf/esp_event/CMakeFiles/__idf_esp_event.dir/esp_event.c.obj
[311/1074] Building C object esp-idf/esp_timer/CMakeFiles/__idf_esp_timer.dir/src/esp_timer_init.c.obj
[312/1074] Building C object esp-idf/esp_timer/CMakeFiles/__idf_esp_timer.dir/src/ets_timer_legacy.c.obj
[313/1074] Building C object esp-idf/esp_driver_uart/CMakeFiles/__idf_esp_driver_uart.dir/src/uart_vfs.c.obj
[314/1074] Building C object esp-idf/esp_timer/CMakeFiles/__idf_esp_timer.dir/src/esp_timer.c.obj
[315/1074] Building C object esp-idf/esp_timer/CMakeFiles/__idf_esp_timer.dir/src/system_time.c.obj
[316/1074] Building C object esp-idf/esp_timer/CMakeFiles/__idf_esp_timer.dir/src/esp_timer_impl_common.c.obj
[317/1074] Building CXX object esp-idf/nvs_flash/CMakeFiles/__idf_nvs_flash.dir/src/nvs_encrypted_partition.cpp.obj
[318/1074] Building CXX object esp-idf/cxx/CMakeFiles/__idf_cxx.dir/cxx_exception_stubs.cpp.obj
[319/1074] Linking C static library esp-idf/nvs_flash/libnvs_flash.a
[320/1074] Building CXX object esp-idf/cxx/CMakeFiles/__idf_cxx.dir/cxx_init.cpp.obj
[321/1074] Linking C static library esp-idf/nvs_sec_provider/libnvs_sec_provider.a
[322/1074] Building C object esp-idf/esp_ringbuf/CMakeFiles/__idf_esp_ringbuf.dir/ringbuf.c.obj
[323/1074] Linking C static library esp-idf/esp_event/libesp_event.a
[324/1074] Building C object esp-idf/esp_timer/CMakeFiles/__idf_esp_timer.dir/src/esp_timer_impl_lac.c.obj
[325/1074] Building C object esp-idf/pthread/CMakeFiles/__idf_pthread.dir/pthread_local_storage.c.obj
[326/1074] Building C object esp-idf/pthread/CMakeFiles/__idf_pthread.dir/pthread_cond_var.c.obj
[327/1074] Building C object esp-idf/pthread/CMakeFiles/__idf_pthread.dir/pthread_semaphore.c.obj
[328/1074] Building C object esp-idf/esp_libc/CMakeFiles/__idf_esp_libc.dir/src/init.c.obj
[329/1074] Building C object esp-idf/pthread/CMakeFiles/__idf_pthread.dir/pthread_rwlock.c.obj
[330/1074] Building CXX object esp-idf/cxx/CMakeFiles/__idf_cxx.dir/cxx_guards.cpp.obj
[331/1074] Building C object esp-idf/esp_libc/CMakeFiles/__idf_esp_libc.dir/src/heap.c.obj
[332/1074] Building C object esp-idf/esp_libc/CMakeFiles/__idf_esp_libc.dir/src/abort.c.obj
[333/1074] Building C object esp-idf/esp_libc/CMakeFiles/__idf_esp_libc.dir/src/assert.c.obj
[334/1074] Building C object esp-idf/pthread/CMakeFiles/__idf_pthread.dir/pthread.c.obj
[335/1074] Building C object esp-idf/esp_libc/CMakeFiles/__idf_esp_libc.dir/src/getentropy.c.obj
[336/1074] Building C object esp-idf/esp_libc/CMakeFiles/__idf_esp_libc.dir/src/poll.c.obj
[337/1074] Building C object esp-idf/esp_libc/CMakeFiles/__idf_esp_libc.dir/src/random.c.obj
[338/1074] Building C object esp-idf/esp_libc/CMakeFiles/__idf_esp_libc.dir/src/pthread.c.obj
[339/1074] Building C object esp-idf/esp_libc/CMakeFiles/__idf_esp_libc.dir/src/termios.c.obj
[340/1074] Building C object esp-idf/esp_libc/CMakeFiles/__idf_esp_libc.dir/src/locks.c.obj
[341/1074] Building C object esp-idf/esp_driver_uart/CMakeFiles/__idf_esp_driver_uart.dir/src/uart.c.obj
[342/1074] Building C object esp-idf/esp_libc/CMakeFiles/__idf_esp_libc.dir/src/sysconf.c.obj
[343/1074] Building C object esp-idf/esp_libc/CMakeFiles/__idf_esp_libc.dir/src/timekeeping.c.obj
[344/1074] Building C object esp-idf/esp_libc/CMakeFiles/__idf_esp_libc.dir/src/realpath.c.obj
[345/1074] Linking C static library esp-idf/esp_driver_uart/libesp_driver_uart.a
[346/1074] Linking C static library esp-idf/esp_psram/libesp_psram.a
[347/1074] Building C object esp-idf/esp_libc/CMakeFiles/__idf_esp_libc.dir/src/scandir.c.obj
[348/1074] Building C object esp-idf/esp_libc/CMakeFiles/__idf_esp_libc.dir/src/reent_syscalls.c.obj
[349/1074] Linking C static library esp-idf/esp_ringbuf/libesp_ringbuf.a
[350/1074] Building C object esp-idf/esp_libc/CMakeFiles/__idf_esp_libc.dir/src/stdatomic.c.obj
[351/1074] Building C object esp-idf/esp_libc/CMakeFiles/__idf_esp_libc.dir/src/picolibc/rand.c.obj
[352/1074] Linking C static library esp-idf/esp_timer/libesp_timer.a
[353/1074] Building C object esp-idf/esp_libc/CMakeFiles/__idf_esp_libc.dir/src/port/esp_time_impl.c.obj
[354/1074] Building C object esp-idf/esp_libc/CMakeFiles/__idf_esp_libc.dir/src/picolibc/picolibc_init.c.obj
[355/1074] Linking C static library esp-idf/cxx/libcxx.a
[356/1074] Building C object esp-idf/esp_libc/CMakeFiles/__idf_esp_libc.dir/src/picolibc/errno.c.obj
[357/1074] Building C object esp-idf/esp_libc/CMakeFiles/__idf_esp_libc.dir/src/syscalls.c.obj
[358/1074] Building C object esp-idf/esp_libc/CMakeFiles/__idf_esp_libc.dir/src/picolibc/bufio_setvbuf.c.obj
[359/1074] Building C object esp-idf/esp_libc/CMakeFiles/__idf_esp_libc.dir/src/time.c.obj
[360/1074] Building C object esp-idf/esp_libc/CMakeFiles/__idf_esp_libc.dir/src/picolibc/fopencookie.c.obj
[361/1074] Building C object esp-idf/esp_libc/CMakeFiles/__idf_esp_libc.dir/src/picolibc/open_memstream.c.obj
[362/1074] Building C object esp-idf/esp_libc/CMakeFiles/__idf_esp_libc.dir/src/picolibc/getreent.c.obj
[363/1074] Linking C static library esp-idf/pthread/libpthread.a
[364/1074] Building C object esp-idf/freertos/CMakeFiles/__idf_freertos.dir/port_common.c.obj
[365/1074] Building C object esp-idf/freertos/CMakeFiles/__idf_freertos.dir/heap_idf.c.obj
[366/1074] Building C object esp-idf/freertos/CMakeFiles/__idf_freertos.dir/port_systick.c.obj
[367/1074] Building C object esp-idf/freertos/CMakeFiles/__idf_freertos.dir/FreeRTOS-Kernel/list.c.obj
[368/1074] Building C object esp-idf/freertos/CMakeFiles/__idf_freertos.dir/app_startup.c.obj
[369/1074] Building C object esp-idf/freertos/CMakeFiles/__idf_freertos.dir/FreeRTOS-Kernel/timers.c.obj
[370/1074] Building C object esp-idf/freertos/CMakeFiles/__idf_freertos.dir/FreeRTOS-Kernel/event_groups.c.obj
[371/1074] Building ASM object esp-idf/freertos/CMakeFiles/__idf_freertos.dir/FreeRTOS-Kernel/portable/xtensa/portasm.S.obj
[372/1074] Building C object esp-idf/freertos/CMakeFiles/__idf_freertos.dir/FreeRTOS-Kernel/portable/xtensa/port.c.obj
[373/1074] Building C object esp-idf/freertos/CMakeFiles/__idf_freertos.dir/FreeRTOS-Kernel/portable/xtensa/xtensa_init.c.obj
[374/1074] Building C object esp-idf/freertos/CMakeFiles/__idf_freertos.dir/FreeRTOS-Kernel/queue.c.obj
[375/1074] Building C object esp-idf/freertos/CMakeFiles/__idf_freertos.dir/FreeRTOS-Kernel/stream_buffer.c.obj
[376/1074] Building C object esp-idf/freertos/CMakeFiles/__idf_freertos.dir/FreeRTOS-Kernel/portable/xtensa/xtensa_overlay_os_hook.c.obj
[377/1074] Linking C static library esp-idf/esp_libc/libesp_libc.a
[378/1074] Building C object esp-idf/freertos/CMakeFiles/__idf_freertos.dir/esp_additions/idf_additions_event_groups.c.obj
[379/1074] Building C object esp-idf/esp_hw_support/CMakeFiles/__idf_esp_hw_support.dir/port/esp32/cpu_region_protect.c.obj
[380/1074] Building C object esp-idf/esp_hw_support/CMakeFiles/__idf_esp_hw_support.dir/port/esp32/esp_cpu_intr.c.obj
[381/1074] Building C object esp-idf/freertos/CMakeFiles/__idf_freertos.dir/esp_additions/idf_additions.c.obj
[382/1074] Building C object esp-idf/esp_hw_support/CMakeFiles/__idf_esp_hw_support.dir/cpu.c.obj
[383/1074] Building C object esp-idf/esp_hw_support/CMakeFiles/__idf_esp_hw_support.dir/esp_memory_utils.c.obj
[384/1074] Building C object esp-idf/esp_hw_support/CMakeFiles/__idf_esp_hw_support.dir/esp_clk.c.obj
[385/1074] Building C object esp-idf/esp_hw_support/CMakeFiles/__idf_esp_hw_support.dir/mac_addr.c.obj
[386/1074] Building C object esp-idf/esp_hw_support/CMakeFiles/__idf_esp_hw_support.dir/revision.c.obj
[387/1074] Building C object esp-idf/esp_hw_support/CMakeFiles/__idf_esp_hw_support.dir/hw_random.c.obj
[388/1074] Building C object esp-idf/esp_hw_support/CMakeFiles/__idf_esp_hw_support.dir/clk_ctrl_os.c.obj
[389/1074] Building C object esp-idf/esp_hw_support/CMakeFiles/__idf_esp_hw_support.dir/esp_gpio_reserve.c.obj
[390/1074] Building C object esp-idf/esp_hw_support/CMakeFiles/__idf_esp_hw_support.dir/rtc_module.c.obj
[391/1074] Building C object esp-idf/esp_hw_support/CMakeFiles/__idf_esp_hw_support.dir/periph_ctrl.c.obj
[392/1074] Building C object esp-idf/esp_hw_support/CMakeFiles/__idf_esp_hw_support.dir/regi2c_ctrl.c.obj
[393/1074] Building C object esp-idf/esp_hw_support/CMakeFiles/__idf_esp_hw_support.dir/port/esp32/io_mux.c.obj
[394/1074] Building C object esp-idf/esp_hw_support/CMakeFiles/__idf_esp_hw_support.dir/sar_periph_ctrl_common.c.obj
[395/1074] Building C object esp-idf/esp_hw_support/CMakeFiles/__idf_esp_hw_support.dir/sar_tsens_ctrl.c.obj
[396/1074] Building C object esp-idf/esp_hw_support/CMakeFiles/__idf_esp_hw_support.dir/heap_align_hw.c.obj
[397/1074] Building C object esp-idf/esp_hw_support/CMakeFiles/__idf_esp_hw_support.dir/port/esp32/esp_clk_tree.c.obj
[398/1074] Building C object esp-idf/esp_hw_support/CMakeFiles/__idf_esp_hw_support.dir/clk_utils.c.obj
[399/1074] Building C object esp-idf/freertos/CMakeFiles/__idf_freertos.dir/FreeRTOS-Kernel/tasks.c.obj
[400/1074] Building C object esp-idf/esp_hw_support/CMakeFiles/__idf_esp_hw_support.dir/intr_alloc.c.obj
[401/1074] Building C object esp-idf/esp_hw_support/CMakeFiles/__idf_esp_hw_support.dir/spi_share_hw_ctrl.c.obj
[402/1074] Building C object esp-idf/esp_hw_support/CMakeFiles/__idf_esp_hw_support.dir/port/esp_clk_tree_common.c.obj
[403/1074] Building C object esp-idf/esp_hw_support/CMakeFiles/__idf_esp_hw_support.dir/sleep_modem.c.obj
[404/1074] Building C object esp-idf/esp_hw_support/CMakeFiles/__idf_esp_hw_support.dir/sleep_console.c.obj
[405/1074] Building C object esp-idf/esp_hw_support/CMakeFiles/__idf_esp_hw_support.dir/sleep_mspi.c.obj
[406/1074] Building C object esp-idf/esp_hw_support/CMakeFiles/__idf_esp_hw_support.dir/spi_bus_lock.c.obj
[407/1074] Building C object esp-idf/esp_hw_support/CMakeFiles/__idf_esp_hw_support.dir/adc_share_hw_ctrl.c.obj
[408/1074] Building C object esp-idf/esp_hw_support/CMakeFiles/__idf_esp_hw_support.dir/sleep_usb.c.obj
[409/1074] Building C object esp-idf/esp_hw_support/CMakeFiles/__idf_esp_hw_support.dir/sleep_event.c.obj
[410/1074] Building C object esp-idf/esp_hw_support/CMakeFiles/__idf_esp_hw_support.dir/sleep_uart.c.obj
[411/1074] Building C object esp-idf/esp_hw_support/CMakeFiles/__idf_esp_hw_support.dir/mspi/mspi_timing_tuning/mspi_timing_tuning.c.obj
[412/1074] Building C object esp-idf/esp_hw_support/CMakeFiles/__idf_esp_hw_support.dir/rtc_wdt.c.obj
[413/1074] Building C object esp-idf/esp_hw_support/CMakeFiles/__idf_esp_hw_support.dir/mspi/mspi_intr/mspi_intr.c.obj
[414/1074] Building C object esp-idf/esp_hw_support/CMakeFiles/__idf_esp_hw_support.dir/power_supply/brownout.c.obj
[415/1074] Building C object esp-idf/esp_hw_support/CMakeFiles/__idf_esp_hw_support.dir/sleep_gpio.c.obj
[416/1074] Building C object esp-idf/esp_hw_support/CMakeFiles/__idf_esp_hw_support.dir/sleep_wake_stub.c.obj
[417/1074] Building C object esp-idf/esp_hw_support/CMakeFiles/__idf_esp_hw_support.dir/esp_clock_output.c.obj
[418/1074] Building C object esp-idf/esp_hw_support/CMakeFiles/__idf_esp_hw_support.dir/port/esp32/rtc_clk_init.c.obj
[419/1074] Building C object esp-idf/esp_hw_support/CMakeFiles/__idf_esp_hw_support.dir/port/esp32/chip_info.c.obj
[420/1074] Building C object esp-idf/esp_hw_support/CMakeFiles/__idf_esp_hw_support.dir/port/esp32/rtc_init.c.obj
[421/1074] Building C object esp-idf/esp_hw_support/CMakeFiles/__idf_esp_hw_support.dir/port/esp32/cache_sram_mmu.c.obj
[422/1074] Building C object esp-idf/esp_hw_support/CMakeFiles/__idf_esp_hw_support.dir/port/esp32/rtc_sleep.c.obj
[423/1074] Linking C static library esp-idf/freertos/libfreertos.a
[424/1074] Building C object esp-idf/esp_hw_support/CMakeFiles/__idf_esp_hw_support.dir/port/esp32/sar_periph_ctrl.c.obj
[425/1074] Building C object esp-idf/esp_hw_support/CMakeFiles/__idf_esp_hw_support.dir/port/esp32/rtc_time.c.obj
[426/1074] Building C object esp-idf/esp_hal_touch_sens/CMakeFiles/__idf_esp_hal_touch_sens.dir/esp32/touch_sensor_periph.c.obj
[427/1074] Building C object esp-idf/esp_hw_support/CMakeFiles/__idf_esp_hw_support.dir/port/esp32/rtc_clk.c.obj
[428/1074] Building C object esp-idf/esp_hal_touch_sens/CMakeFiles/__idf_esp_hal_touch_sens.dir/touch_sensor_legacy_hal.c.obj
[429/1074] Building C object esp-idf/esp_hal_touch_sens/CMakeFiles/__idf_esp_hal_touch_sens.dir/esp32/touch_sensor_legacy_hal.c.obj
[430/1074] Building C object esp-idf/esp_hal_pmu/CMakeFiles/__idf_esp_hal_pmu.dir/brownout_hal.c.obj
[431/1074] Building C object esp-idf/esp_hal_touch_sens/CMakeFiles/__idf_esp_hal_touch_sens.dir/touch_sens_hal.c.obj
[432/1074] Building C object esp-idf/esp_hal_gpio/CMakeFiles/__idf_esp_hal_gpio.dir/esp32/sdm_periph.c.obj
[433/1074] Building C object esp-idf/esp_hal_gpio/CMakeFiles/__idf_esp_hal_gpio.dir/esp32/rtc_io_periph.c.obj
[434/1074] Building C object esp-idf/esp_hw_support/CMakeFiles/__idf_esp_hw_support.dir/sleep_modes.c.obj
[435/1074] Building C object esp-idf/esp_hal_gpio/CMakeFiles/__idf_esp_hal_gpio.dir/gpio_hal.c.obj
[436/1074] Building C object esp-idf/esp_hal_gpio/CMakeFiles/__idf_esp_hal_gpio.dir/sdm_hal.c.obj
[437/1074] Building C object esp-idf/soc/CMakeFiles/__idf_soc.dir/esp32/interrupts.c.obj
[438/1074] Building C object esp-idf/soc/CMakeFiles/__idf_soc.dir/dport_access_common.c.obj
[439/1074] Building C object esp-idf/soc/CMakeFiles/__idf_soc.dir/lldesc.c.obj
[440/1074] Building C object esp-idf/soc/CMakeFiles/__idf_soc.dir/esp32/dport_access.c.obj
[441/1074] Building C object esp-idf/soc/CMakeFiles/__idf_soc.dir/esp32/gpio_periph.c.obj
[442/1074] Linking C static library esp-idf/esp_hw_support/libesp_hw_support.a
[443/1074] Building C object esp-idf/soc/CMakeFiles/__idf_soc.dir/esp32/mpi_periph.c.obj
[444/1074] Building C object esp-idf/esp_hal_gpio/CMakeFiles/__idf_esp_hal_gpio.dir/rtc_io_hal.c.obj
[445/1074] Building C object esp-idf/soc/CMakeFiles/__idf_soc.dir/esp32/power_supply_periph.c.obj
[446/1074] Linking C static library esp-idf/esp_hal_touch_sens/libesp_hal_touch_sens.a
[447/1074] Linking C static library esp-idf/esp_hal_pmu/libesp_hal_pmu.a
[448/1074] Linking C static library esp-idf/esp_hal_gpio/libesp_hal_gpio.a
[449/1074] Building C object esp-idf/heap/CMakeFiles/__idf_heap.dir/heap_caps_init.c.obj
[450/1074] Building C object esp-idf/heap/CMakeFiles/__idf_heap.dir/heap_caps_base.c.obj
[451/1074] Building C object esp-idf/heap/CMakeFiles/__idf_heap.dir/port/esp32/memory_layout.c.obj
[452/1074] Building C object esp-idf/heap/CMakeFiles/__idf_heap.dir/port/memory_layout_utils.c.obj
[453/1074] Linking C static library esp-idf/soc/libsoc.a
[454/1074] Building C object esp-idf/heap/CMakeFiles/__idf_heap.dir/heap_caps.c.obj
[455/1074] Building C object esp-idf/log/CMakeFiles/__idf_log.dir/src/os/log_lock.c.obj
[456/1074] Building C object esp-idf/log/CMakeFiles/__idf_log.dir/src/os/log_timestamp.c.obj
[457/1074] Building C object esp-idf/heap/CMakeFiles/__idf_heap.dir/multi_heap.c.obj
[458/1074] Building C object esp-idf/log/CMakeFiles/__idf_log.dir/src/log_timestamp_common.c.obj
[459/1074] Building C object esp-idf/log/CMakeFiles/__idf_log.dir/src/util.c.obj
[460/1074] Building C object esp-idf/log/CMakeFiles/__idf_log.dir/src/buffer/log_buffers.c.obj
[461/1074] Building C object esp-idf/log/CMakeFiles/__idf_log.dir/src/log_format_text.c.obj
[462/1074] Building C object esp-idf/log/CMakeFiles/__idf_log.dir/src/log_print.c.obj
[463/1074] Building C object esp-idf/log/CMakeFiles/__idf_log.dir/src/os/util.c.obj
[464/1074] Building C object esp-idf/log/CMakeFiles/__idf_log.dir/src/log_level/tag_log_level/tag_log_level.c.obj
[465/1074] Building C object esp-idf/log/CMakeFiles/__idf_log.dir/src/log_level/log_level.c.obj
[466/1074] Building C object esp-idf/log/CMakeFiles/__idf_log.dir/src/os/log_write.c.obj
[467/1074] Building C object esp-idf/log/CMakeFiles/__idf_log.dir/src/log.c.obj
[468/1074] Building C object esp-idf/log/CMakeFiles/__idf_log.dir/src/log_level/tag_log_level/linked_list/log_linked_list.c.obj
[469/1074] Building C object esp-idf/hal/CMakeFiles/__idf_hal.dir/efuse_hal.c.obj
[470/1074] Building C object esp-idf/log/CMakeFiles/__idf_log.dir/src/log_level/tag_log_level/cache/log_binary_heap.c.obj
[471/1074] Building C object esp-idf/hal/CMakeFiles/__idf_hal.dir/hal_utils.c.obj
[472/1074] Building C object esp-idf/hal/CMakeFiles/__idf_hal.dir/esp32/efuse_hal.c.obj
[473/1074] Building C object esp-idf/hal/CMakeFiles/__idf_hal.dir/color_hal.c.obj
[474/1074] Building C object esp-idf/esp_rom/CMakeFiles/__idf_esp_rom.dir/patches/esp_rom_sys.c.obj
[475/1074] Building C object esp-idf/esp_rom/CMakeFiles/__idf_esp_rom.dir/patches/esp_rom_crc.c.obj
[476/1074] Building C object esp-idf/hal/CMakeFiles/__idf_hal.dir/esp32/cache_hal_esp32.c.obj
[477/1074] Building C object esp-idf/esp_rom/CMakeFiles/__idf_esp_rom.dir/patches/esp_rom_efuse.c.obj
[478/1074] Building C object esp-idf/esp_rom/CMakeFiles/__idf_esp_rom.dir/patches/esp_rom_serial_output.c.obj
[479/1074] Building C object esp-idf/hal/CMakeFiles/__idf_hal.dir/mmu_hal.c.obj
[480/1074] Building ASM object esp-idf/esp_rom/CMakeFiles/__idf_esp_rom.dir/patches/esp_rom_longjmp.S.obj
[481/1074] Building C object esp-idf/esp_rom/CMakeFiles/__idf_esp_rom.dir/patches/esp_rom_gpio.c.obj
[482/1074] Building C object esp-idf/esp_rom/CMakeFiles/__idf_esp_rom.dir/patches/esp_rom_print.c.obj
[483/1074] Building C object esp-idf/esp_system/CMakeFiles/__idf_esp_system.dir/esp_err.c.obj
[484/1074] Building C object esp-idf/esp_system/CMakeFiles/__idf_esp_system.dir/crosscore_int.c.obj
[485/1074] Building C object esp-idf/esp_rom/CMakeFiles/__idf_esp_rom.dir/patches/esp_rom_spiflash.c.obj
[486/1074] Building C object esp-idf/esp_system/CMakeFiles/__idf_esp_system.dir/esp_ipc.c.obj
[487/1074] Building C object esp-idf/esp_system/CMakeFiles/__idf_esp_system.dir/freertos_hooks.c.obj
[488/1074] Building C object esp-idf/heap/CMakeFiles/__idf_heap.dir/tlsf/tlsf.c.obj
[489/1074] Building C object esp-idf/esp_system/CMakeFiles/__idf_esp_system.dir/esp_system.c.obj
[490/1074] Linking C static library esp-idf/heap/libheap.a
[491/1074] Linking C static library esp-idf/log/liblog.a
[492/1074] Building C object esp-idf/esp_system/CMakeFiles/__idf_esp_system.dir/system_time.c.obj
[493/1074] Building C object esp-idf/esp_system/CMakeFiles/__idf_esp_system.dir/startup.c.obj
[494/1074] Linking C static library esp-idf/hal/libhal.a
[495/1074] Building C object esp-idf/esp_system/CMakeFiles/__idf_esp_system.dir/startup_funcs.c.obj
[496/1074] Building C object esp-idf/esp_system/CMakeFiles/__idf_esp_system.dir/stack_check.c.obj
[497/1074] Linking C static library esp-idf/esp_rom/libesp_rom.a
[498/1074] Building C object esp-idf/esp_system/CMakeFiles/__idf_esp_system.dir/panic.c.obj
[499/1074] Building C object esp-idf/esp_system/CMakeFiles/__idf_esp_system.dir/ubsan.c.obj
[500/1074] Building C object esp-idf/esp_common/CMakeFiles/__idf_esp_common.dir/src/esp_err_to_name.c.obj
[501/1074] Building C object esp-idf/esp_system/CMakeFiles/__idf_esp_system.dir/int_wdt.c.obj
[502/1074] Building C object esp-idf/esp_system/CMakeFiles/__idf_esp_system.dir/port/image_process.c.obj
[503/1074] Building C object esp-idf/esp_system/CMakeFiles/__idf_esp_system.dir/task_wdt/task_wdt_impl_timergroup.c.obj
[504/1074] Building C object esp-idf/esp_system/CMakeFiles/__idf_esp_system.dir/port/panic_handler.c.obj
[505/1074] Building ASM object esp-idf/esp_system/CMakeFiles/__idf_esp_system.dir/port/arch/xtensa/esp_ipc_isr_handler.S.obj
[506/1074] Building C object esp-idf/esp_system/CMakeFiles/__idf_esp_system.dir/port/arch/xtensa/esp_ipc_isr_port.c.obj
[507/1074] Building C object esp-idf/esp_system/CMakeFiles/__idf_esp_system.dir/port/esp_system_chip.c.obj
[508/1074] Building ASM object esp-idf/esp_system/CMakeFiles/__idf_esp_system.dir/port/arch/xtensa/esp_ipc_isr_routines.S.obj
[509/1074] Building ASM object esp-idf/esp_system/CMakeFiles/__idf_esp_system.dir/port/arch/xtensa/panic_handler_asm.S.obj
[510/1074] Building ASM object esp-idf/esp_system/CMakeFiles/__idf_esp_system.dir/port/arch/xtensa/expression_with_stack_asm.S.obj
[511/1074] Building C object esp-idf/esp_system/CMakeFiles/__idf_esp_system.dir/port/cpu_start.c.obj
[512/1074] Building C object esp-idf/esp_system/CMakeFiles/__idf_esp_system.dir/port/esp_ipc_isr.c.obj
[513/1074] Building C object esp-idf/esp_system/CMakeFiles/__idf_esp_system.dir/task_wdt/task_wdt.c.obj
[514/1074] Building ASM object esp-idf/esp_system/CMakeFiles/__idf_esp_system.dir/port/arch/xtensa/debug_helpers_asm.S.obj
[515/1074] Building C object esp-idf/esp_system/CMakeFiles/__idf_esp_system.dir/port/arch/xtensa/expression_with_stack.c.obj
[516/1074] Building C object esp-idf/esp_system/CMakeFiles/__idf_esp_system.dir/port/arch/xtensa/panic_arch.c.obj
[517/1074] Building ASM object esp-idf/esp_system/CMakeFiles/__idf_esp_system.dir/port/soc/esp32/highint_hdl.S.obj
[518/1074] Building C object esp-idf/esp_system/CMakeFiles/__idf_esp_system.dir/port/arch/xtensa/debug_stubs.c.obj
[519/1074] Building C object esp-idf/esp_system/CMakeFiles/__idf_esp_system.dir/port/soc/esp32/reset_reason.c.obj
[520/1074] Linking C static library esp-idf/esp_common/libesp_common.a
[521/1074] Building C object esp-idf/esp_system/CMakeFiles/__idf_esp_system.dir/port/arch/xtensa/trax.c.obj
[522/1074] Building C object esp-idf/esp_system/CMakeFiles/__idf_esp_system.dir/port/soc/esp32/cache_err_int.c.obj
[523/1074] Building C object esp-idf/esp_system/CMakeFiles/__idf_esp_system.dir/port/soc/esp32/system_internal.c.obj
[524/1074] Building C object esp-idf/spi_flash/CMakeFiles/__idf_spi_flash.dir/flash_brownout_hook.c.obj
[525/1074] Building C object esp-idf/spi_flash/CMakeFiles/__idf_spi_flash.dir/spi_flash_chip_drivers.c.obj
[526/1074] Building C object esp-idf/esp_system/CMakeFiles/__idf_esp_system.dir/port/soc/esp32/clk.c.obj
[527/1074] Building C object esp-idf/esp_system/CMakeFiles/__idf_esp_system.dir/port/arch/xtensa/debug_helpers.c.obj
[528/1074] Building C object esp-idf/spi_flash/CMakeFiles/__idf_spi_flash.dir/spi_flash_chip_mxic.c.obj
[529/1074] Building C object esp-idf/spi_flash/CMakeFiles/__idf_spi_flash.dir/spi_flash_chip_issi.c.obj
[530/1074] Building C object esp-idf/spi_flash/CMakeFiles/__idf_spi_flash.dir/spi_flash_chip_th.c.obj
[531/1074] Building C object esp-idf/spi_flash/CMakeFiles/__idf_spi_flash.dir/spi_flash_chip_boya.c.obj
[532/1074] Building C object esp-idf/spi_flash/CMakeFiles/__idf_spi_flash.dir/spi_flash_chip_gd.c.obj
[533/1074] Building C object esp-idf/spi_flash/CMakeFiles/__idf_spi_flash.dir/spi_flash_blockdev.c.obj
[534/1074] Building C object esp-idf/spi_flash/CMakeFiles/__idf_spi_flash.dir/memspi_host_driver.c.obj
[535/1074] Building C object esp-idf/spi_flash/CMakeFiles/__idf_spi_flash.dir/spi_flash_chip_winbond.c.obj
[536/1074] Building C object esp-idf/spi_flash/CMakeFiles/__idf_spi_flash.dir/spi_flash_chip_mxic_opi.c.obj
[537/1074] Building C object esp-idf/spi_flash/CMakeFiles/__idf_spi_flash.dir/spi_flash_chip_generic.c.obj
[538/1074] Building C object esp-idf/spi_flash/CMakeFiles/__idf_spi_flash.dir/spi_flash_wrap.c.obj
[539/1074] Building C object esp-idf/spi_flash/CMakeFiles/__idf_spi_flash.dir/flash_ops.c.obj
[540/1074] Building C object esp-idf/spi_flash/CMakeFiles/__idf_spi_flash.dir/cache_utils.c.obj
[541/1074] Building C object esp-idf/spi_flash/CMakeFiles/__idf_spi_flash.dir/esp_flash_spi_init.c.obj
[542/1074] Building C object esp-idf/spi_flash/CMakeFiles/__idf_spi_flash.dir/flash_mmap.c.obj
[543/1074] Linking C static library esp-idf/esp_system/libesp_system.a
[544/1074] Building C object esp-idf/spi_flash/CMakeFiles/__idf_spi_flash.dir/spi_flash_os_func_noos.c.obj
[545/1074] Building C object esp-idf/spi_flash/CMakeFiles/__idf_spi_flash.dir/spi_flash_os_func_app.c.obj
[546/1074] Building C object esp-idf/bootloader_support/CMakeFiles/__idf_bootloader_support.dir/src/bootloader_clock_init.c.obj
[547/1074] Building C object esp-idf/bootloader_support/CMakeFiles/__idf_bootloader_support.dir/src/bootloader_mem.c.obj
[548/1074] Building C object esp-idf/bootloader_support/CMakeFiles/__idf_bootloader_support.dir/src/bootloader_common_loader.c.obj
[549/1074] Building C object esp-idf/bootloader_support/CMakeFiles/__idf_bootloader_support.dir/src/bootloader_efuse.c.obj
[550/1074] Building C object esp-idf/bootloader_support/CMakeFiles/__idf_bootloader_support.dir/src/bootloader_random.c.obj
[551/1074] Building C object esp-idf/bootloader_support/CMakeFiles/__idf_bootloader_support.dir/src/bootloader_common.c.obj
[552/1074] Building C object esp-idf/bootloader_support/CMakeFiles/__idf_bootloader_support.dir/src/flash_encrypt.c.obj
[553/1074] Building C object esp-idf/bootloader_support/CMakeFiles/__idf_bootloader_support.dir/src/secure_boot.c.obj
[554/1074] Building C object esp-idf/bootloader_support/CMakeFiles/__idf_bootloader_support.dir/src/bootloader_random_esp32.c.obj
[555/1074] Building C object esp-idf/spi_flash/CMakeFiles/__idf_spi_flash.dir/esp_flash_api.c.obj
[556/1074] Building C object esp-idf/bootloader_support/CMakeFiles/__idf_bootloader_support.dir/src/flash_partitions.c.obj
[557/1074] Building C object esp-idf/bootloader_support/CMakeFiles/__idf_bootloader_support.dir/bootloader_flash/src/flash_qio_mode.c.obj
[558/1074] Building C object esp-idf/bootloader_support/CMakeFiles/__idf_bootloader_support.dir/src/esp32/secure_boot_secure_features.c.obj
[559/1074] Linking C static library esp-idf/spi_flash/libspi_flash.a
[560/1074] Building C object esp-idf/bootloader_support/CMakeFiles/__idf_bootloader_support.dir/bootloader_flash/src/bootloader_flash.c.obj
[561/1074] Building C object esp-idf/bootloader_support/CMakeFiles/__idf_bootloader_support.dir/src/bootloader_sha.c.obj
[562/1074] Building C object esp-idf/esp_hal_ana_conv/CMakeFiles/__idf_esp_hal_ana_conv.dir/esp32/adc_periph.c.obj
[563/1074] Building C object esp-idf/bootloader_support/CMakeFiles/__idf_bootloader_support.dir/bootloader_flash/src/bootloader_flash_config_esp32.c.obj
[564/1074] Building C object esp-idf/esp_hal_ana_conv/CMakeFiles/__idf_esp_hal_ana_conv.dir/adc_hal_common.c.obj
[565/1074] Building C object esp-idf/esp_hal_ana_conv/CMakeFiles/__idf_esp_hal_ana_conv.dir/adc_oneshot_hal.c.obj
[566/1074] Building C object esp-idf/bootloader_support/CMakeFiles/__idf_bootloader_support.dir/src/esp_image_format.c.obj
[567/1074] Building C object esp-idf/esp_hal_ana_conv/CMakeFiles/__idf_esp_hal_ana_conv.dir/esp32/dac_periph.c.obj
[568/1074] Building C object esp-idf/esp_hal_wdt/CMakeFiles/__idf_esp_hal_wdt.dir/esp32/mwdt_periph.c.obj
[569/1074] Building C object esp-idf/esp_hal_i2s/CMakeFiles/__idf_esp_hal_i2s.dir/esp32/i2s_periph.c.obj
[570/1074] Building C object esp-idf/esp_hal_timg/CMakeFiles/__idf_esp_hal_timg.dir/timer_hal.c.obj
[571/1074] Building C object esp-idf/bootloader_support/CMakeFiles/__idf_bootloader_support.dir/src/bootloader_utility.c.obj
[572/1074] Building C object esp-idf/esp_hal_timg/CMakeFiles/__idf_esp_hal_timg.dir/esp32/timer_periph.c.obj
[573/1074] Building C object esp-idf/esp_hal_wdt/CMakeFiles/__idf_esp_hal_wdt.dir/wdt_hal_iram.c.obj
[574/1074] Linking C static library esp-idf/bootloader_support/libbootloader_support.a
[575/1074] Building C object esp-idf/esp_hal_ana_conv/CMakeFiles/__idf_esp_hal_ana_conv.dir/adc_hal.c.obj
[576/1074] Building C object esp-idf/esp_hal_i2s/CMakeFiles/__idf_esp_hal_i2s.dir/i2s_hal.c.obj
[577/1074] Linking C static library esp-idf/esp_hal_ana_conv/libesp_hal_ana_conv.a
[578/1074] Building C object esp-idf/mbedtls/mbedtls/tf-psa-crypto/core/CMakeFiles/tfpsacrypto.dir/psa_crypto_client.c.obj
[579/1074] Linking C static library esp-idf/esp_hal_i2s/libesp_hal_i2s.a
[580/1074] Building C object esp-idf/mbedtls/mbedtls/tf-psa-crypto/core/CMakeFiles/tfpsacrypto.dir/psa_crypto_driver_wrappers_no_static.c.obj
[581/1074] Linking C static library esp-idf/esp_hal_wdt/libesp_hal_wdt.a
[582/1074] Building C object esp-idf/mbedtls/mbedtls/tf-psa-crypto/core/CMakeFiles/tfpsacrypto.dir/psa_its_file.c.obj
[583/1074] Building C object esp-idf/mbedtls/mbedtls/tf-psa-crypto/core/CMakeFiles/tfpsacrypto.dir/tf_psa_crypto_version.c.obj
[584/1074] Building C object esp-idf/mbedtls/mbedtls/tf-psa-crypto/core/CMakeFiles/tfpsacrypto.dir/psa_crypto_storage.c.obj
[585/1074] Building C object esp-idf/mbedtls/mbedtls/tf-psa-crypto/core/CMakeFiles/tfpsacrypto.dir/tf_psa_crypto_config.c.obj
[586/1074] Building C object esp-idf/mbedtls/mbedtls/tf-psa-crypto/core/CMakeFiles/tfpsacrypto.dir/__/__/__/port/esp_hardware.c.obj
[587/1074] Building C object esp-idf/mbedtls/mbedtls/tf-psa-crypto/core/CMakeFiles/tfpsacrypto.dir/psa_crypto_slot_management.c.obj
[588/1074] Building C object esp-idf/mbedtls/mbedtls/tf-psa-crypto/core/CMakeFiles/tfpsacrypto.dir/__/__/__/port/aes/esp_aes_xts.c.obj
[589/1074] Building C object esp-idf/mbedtls/mbedtls/tf-psa-crypto/core/CMakeFiles/tfpsacrypto.dir/__/__/__/port/aes/esp_aes_common.c.obj
[590/1074] Building C object esp-idf/mbedtls/mbedtls/tf-psa-crypto/core/CMakeFiles/tfpsacrypto.dir/__/__/__/port/psa_crypto_storage/esp_psa_its.c.obj
[591/1074] Building C object esp-idf/mbedtls/mbedtls/tf-psa-crypto/core/CMakeFiles/tfpsacrypto.dir/__/__/__/port/aes/esp_aes.c.obj
[592/1074] Building C object esp-idf/mbedtls/mbedtls/tf-psa-crypto/core/CMakeFiles/tfpsacrypto.dir/__/__/__/port/psa_driver/esp_sha/psa_crypto_driver_esp_sha.c.obj
[593/1074] Building C object esp-idf/mbedtls/mbedtls/tf-psa-crypto/core/CMakeFiles/tfpsacrypto.dir/__/__/__/port/aes/esp_aes_gcm.c.obj
[594/1074] Building C object esp-idf/mbedtls/mbedtls/tf-psa-crypto/core/CMakeFiles/tfpsacrypto.dir/__/__/__/port/sha/esp_sha.c.obj
[595/1074] Building C object esp-idf/mbedtls/mbedtls/tf-psa-crypto/core/CMakeFiles/tfpsacrypto.dir/__/__/__/port/psa_driver/esp_mac/psa_crypto_driver_esp_hmac_transparent.c.obj
[596/1074] Building C object esp-idf/mbedtls/mbedtls/tf-psa-crypto/core/CMakeFiles/tfpsacrypto.dir/__/__/__/port/psa_driver/esp_sha/parallel_engine/psa_crypto_driver_esp_sha256.c.obj
[597/1074] Building C object esp-idf/mbedtls/mbedtls/tf-psa-crypto/core/CMakeFiles/tfpsacrypto.dir/__/__/__/port/psa_driver/esp_sha/parallel_engine/psa_crypto_driver_esp_sha512.c.obj
[598/1074] Building C object esp-idf/mbedtls/mbedtls/tf-psa-crypto/core/CMakeFiles/tfpsacrypto.dir/__/__/__/port/psa_driver/esp_md/psa_crypto_driver_esp_md5.c.obj
[599/1074] Building C object esp-idf/mbedtls/mbedtls/tf-psa-crypto/core/CMakeFiles/tfpsacrypto.dir/__/__/__/port/sha/parallel_engine/sha.c.obj
[600/1074] Building C object esp-idf/mbedtls/mbedtls/tf-psa-crypto/core/CMakeFiles/tfpsacrypto.dir/__/__/__/port/bignum/bignum_alt.c.obj
[601/1074] Building C object esp-idf/mbedtls/mbedtls/tf-psa-crypto/core/CMakeFiles/tfpsacrypto.dir/__/__/__/port/psa_driver/esp_sha/parallel_engine/psa_crypto_driver_esp_sha1.c.obj
[602/1074] Building C object esp-idf/mbedtls/mbedtls/tf-psa-crypto/core/CMakeFiles/tfpsacrypto.dir/__/__/__/port/psa_driver/esp_aes/psa_crypto_driver_esp_aes_gcm.c.obj
[603/1074] Building C object esp-idf/mbedtls/mbedtls/tf-psa-crypto/core/CMakeFiles/tfpsacrypto.dir/__/__/__/port/bignum/esp_bignum.c.obj
[604/1074] Linking C static library esp-idf/esp_hal_timg/libesp_hal_timg.a
[605/1074] Building C object esp-idf/mbedtls/mbedtls/library/CMakeFiles/mbedtls.dir/mps_reader.c.obj
[606/1074] Building C object esp-idf/mbedtls/mbedtls/library/CMakeFiles/mbedtls.dir/debug.c.obj
[607/1074] Building C object esp-idf/mbedtls/mbedtls/tf-psa-crypto/core/CMakeFiles/tfpsacrypto.dir/__/__/__/port/psa_driver/esp_aes/psa_crypto_driver_esp_aes.c.obj
[608/1074] Building C object esp-idf/mbedtls/mbedtls/library/CMakeFiles/mbedtls.dir/mps_trace.c.obj
[609/1074] Building C object esp-idf/mbedtls/mbedtls/tf-psa-crypto/core/CMakeFiles/tfpsacrypto.dir/__/__/__/port/psa_driver/esp_mac/psa_crypto_driver_esp_cmac.c.obj
[610/1074] Building C object esp-idf/mbedtls/mbedtls/library/CMakeFiles/mbedtls.dir/ssl_debug_helpers_generated.c.obj
[611/1074] Building C object esp-idf/mbedtls/mbedtls/library/CMakeFiles/mbedtls.dir/ssl_ciphersuites.c.obj
[612/1074] Building C object esp-idf/mbedtls/mbedtls/library/CMakeFiles/mbedtls.dir/ssl_cookie.c.obj
[613/1074] Building C object esp-idf/mbedtls/mbedtls/library/CMakeFiles/mbedtls.dir/ssl_cache.c.obj
[614/1074] Building C object esp-idf/mbedtls/mbedtls/library/CMakeFiles/mbedtls.dir/ssl_client.c.obj
[615/1074] Building C object esp-idf/mbedtls/mbedtls/library/CMakeFiles/mbedtls.dir/ssl_ticket.c.obj
[616/1074] Building C object esp-idf/mbedtls/mbedtls/library/CMakeFiles/mbedtls.dir/ssl_tls13_keys.c.obj
[617/1074] Building C object esp-idf/mbedtls/mbedtls/library/CMakeFiles/mbedtls.dir/ssl_tls13_server.c.obj
[618/1074] Building C object esp-idf/mbedtls/mbedtls/library/CMakeFiles/mbedtls.dir/ssl_tls12_client.c.obj
[619/1074] Building C object esp-idf/mbedtls/mbedtls/library/CMakeFiles/mbedtls.dir/ssl_tls13_generic.c.obj
[620/1074] Building C object esp-idf/mbedtls/mbedtls/library/CMakeFiles/mbedtls.dir/ssl_tls13_client.c.obj
[621/1074] Building C object esp-idf/mbedtls/mbedtls/library/CMakeFiles/mbedtls.dir/ssl_msg.c.obj
[622/1074] Building C object esp-idf/mbedtls/mbedtls/library/CMakeFiles/mbedtls.dir/version.c.obj
[623/1074] Building C object esp-idf/mbedtls/mbedtls/library/CMakeFiles/mbedtls.dir/version_features.c.obj
[624/1074] Building C object esp-idf/mbedtls/mbedtls/library/CMakeFiles/mbedtls.dir/timing.c.obj
[625/1074] Building C object esp-idf/mbedtls/mbedtls/library/CMakeFiles/mbedtls.dir/__/__/port/esp_platform_time.c.obj
[626/1074] Building C object esp-idf/mbedtls/mbedtls/library/CMakeFiles/mbedtls.dir/__/__/port/mbedtls_debug.c.obj
[627/1074] Building C object esp-idf/mbedtls/mbedtls/library/CMakeFiles/mbedtls.dir/ssl_tls12_server.c.obj
[628/1074] Building C object esp-idf/mbedtls/mbedtls/library/CMakeFiles/mbedtls.dir/__/__/port/esp_timing.c.obj
[629/1074] Building C object esp-idf/mbedtls/mbedtls/library/CMakeFiles/mbedx509.dir/mbedtls_config.c.obj
[630/1074] Building C object esp-idf/mbedtls/mbedtls/library/CMakeFiles/mbedtls.dir/__/__/port/esp_psa_crypto_init.c.obj
[631/1074] Building C object esp-idf/mbedtls/mbedtls/library/CMakeFiles/mbedx509.dir/error.c.obj
[632/1074] Building C object esp-idf/mbedtls/mbedtls/library/CMakeFiles/mbedtls.dir/ssl_tls.c.obj
[633/1074] Building C object esp-idf/mbedtls/mbedtls/library/CMakeFiles/mbedtls.dir/__/__/port/net_sockets.c.obj
[634/1074] Building C object esp-idf/mbedtls/mbedtls/tf-psa-crypto/core/CMakeFiles/tfpsacrypto.dir/psa_crypto.c.obj
[635/1074] Linking CXX static library esp-idf/mbedtls/mbedtls/tf-psa-crypto/core/libtfpsacrypto.a
[636/1074] Building C object esp-idf/mbedtls/mbedtls/library/CMakeFiles/mbedx509.dir/x509_create.c.obj
[637/1074] Building C object esp-idf/mbedtls/mbedtls/library/CMakeFiles/mbedx509.dir/pkcs7.c.obj
[638/1074] Building C object esp-idf/mbedtls/mbedtls/library/CMakeFiles/mbedx509.dir/x509_crl.c.obj
[639/1074] Building C object esp-idf/mbedtls/mbedtls/library/CMakeFiles/mbedx509.dir/x509write.c.obj
[640/1074] Building C object esp-idf/mbedtls/mbedtls/library/CMakeFiles/mbedx509.dir/x509.c.obj
[641/1074] Building C object esp-idf/mbedtls/mbedtls/library/CMakeFiles/mbedx509.dir/x509_oid.c.obj
[642/1074] Building C object esp-idf/mbedtls/mbedtls/library/CMakeFiles/mbedx509.dir/x509_csr.c.obj
[643/1074] Building C object esp-idf/mbedtls/mbedtls/library/CMakeFiles/mbedx509.dir/x509write_csr.c.obj
[644/1074] Building C object esp-idf/mbedtls/mbedtls/library/CMakeFiles/mbedx509.dir/x509write_crt.c.obj
[645/1074] Linking CXX static library esp-idf/mbedtls/mbedtls/library/libmbedtls.a
[646/1074] Building C object esp-idf/mbedtls/mbedtls/tf-psa-crypto/drivers/builtin/CMakeFiles/builtin.dir/src/aesni.c.obj
[647/1074] Building C object esp-idf/mbedtls/mbedtls/tf-psa-crypto/drivers/builtin/CMakeFiles/builtin.dir/src/aesce.c.obj
[648/1074] Building C object esp-idf/mbedtls/mbedtls/tf-psa-crypto/drivers/builtin/CMakeFiles/builtin.dir/src/aria.c.obj
[649/1074] Building C object esp-idf/mbedtls/mbedtls/tf-psa-crypto/drivers/builtin/CMakeFiles/builtin.dir/src/asn1parse.c.obj
[650/1074] Building C object esp-idf/mbedtls/mbedtls/tf-psa-crypto/drivers/builtin/CMakeFiles/builtin.dir/src/base64.c.obj
[651/1074] Building C object esp-idf/mbedtls/mbedtls/tf-psa-crypto/drivers/builtin/CMakeFiles/builtin.dir/src/asn1write.c.obj
[652/1074] Building C object esp-idf/mbedtls/mbedtls/tf-psa-crypto/drivers/builtin/CMakeFiles/builtin.dir/src/bignum_mod.c.obj
[653/1074] Building C object esp-idf/mbedtls/mbedtls/tf-psa-crypto/drivers/builtin/CMakeFiles/builtin.dir/src/bignum_mod_raw.c.obj
[654/1074] Building C object esp-idf/mbedtls/mbedtls/tf-psa-crypto/drivers/builtin/CMakeFiles/builtin.dir/src/block_cipher.c.obj
[655/1074] Building C object esp-idf/mbedtls/mbedtls/tf-psa-crypto/drivers/builtin/CMakeFiles/builtin.dir/src/camellia.c.obj
[656/1074] Building C object esp-idf/mbedtls/mbedtls/tf-psa-crypto/drivers/builtin/CMakeFiles/builtin.dir/src/chacha20.c.obj
[657/1074] Building C object esp-idf/mbedtls/mbedtls/library/CMakeFiles/mbedx509.dir/x509_crt.c.obj
[658/1074] Building C object esp-idf/mbedtls/mbedtls/tf-psa-crypto/drivers/builtin/CMakeFiles/builtin.dir/src/chachapoly.c.obj
[659/1074] Building C object esp-idf/mbedtls/mbedtls/tf-psa-crypto/drivers/builtin/CMakeFiles/builtin.dir/src/aes.c.obj
[660/1074] Building C object esp-idf/mbedtls/mbedtls/tf-psa-crypto/drivers/builtin/CMakeFiles/builtin.dir/src/ccm.c.obj
[661/1074] Building C object esp-idf/mbedtls/mbedtls/tf-psa-crypto/drivers/builtin/CMakeFiles/builtin.dir/src/cipher_wrap.c.obj
[662/1074] Building C object esp-idf/mbedtls/mbedtls/tf-psa-crypto/drivers/builtin/CMakeFiles/builtin.dir/src/cipher.c.obj
[663/1074] Building C object esp-idf/mbedtls/mbedtls/tf-psa-crypto/drivers/builtin/CMakeFiles/builtin.dir/src/bignum_core.c.obj
[664/1074] Building C object esp-idf/mbedtls/mbedtls/tf-psa-crypto/drivers/builtin/CMakeFiles/builtin.dir/src/constant_time.c.obj
[665/1074] Building C object esp-idf/mbedtls/mbedtls/tf-psa-crypto/drivers/builtin/CMakeFiles/builtin.dir/src/cmac.c.obj
[666/1074] Building C object esp-idf/mbedtls/mbedtls/tf-psa-crypto/drivers/builtin/CMakeFiles/builtin.dir/src/ecdh.c.obj
[667/1074] Building C object esp-idf/mbedtls/mbedtls/tf-psa-crypto/drivers/builtin/CMakeFiles/builtin.dir/src/ctr_drbg.c.obj
[668/1074] Building C object esp-idf/mbedtls/mbedtls/tf-psa-crypto/drivers/builtin/CMakeFiles/builtin.dir/src/ecdsa.c.obj
[669/1074] Building C object esp-idf/mbedtls/mbedtls/tf-psa-crypto/drivers/builtin/CMakeFiles/builtin.dir/src/ecp_curves_new.c.obj
[670/1074] Building C object esp-idf/mbedtls/mbedtls/tf-psa-crypto/drivers/builtin/CMakeFiles/builtin.dir/src/entropy.c.obj
[671/1074] Building C object esp-idf/mbedtls/mbedtls/tf-psa-crypto/drivers/builtin/CMakeFiles/builtin.dir/src/bignum.c.obj
[672/1074] Building C object esp-idf/mbedtls/mbedtls/tf-psa-crypto/drivers/builtin/CMakeFiles/builtin.dir/src/ecjpake.c.obj
[673/1074] Building C object esp-idf/mbedtls/mbedtls/tf-psa-crypto/drivers/builtin/CMakeFiles/builtin.dir/src/entropy_poll.c.obj
[674/1074] Building C object esp-idf/mbedtls/mbedtls/tf-psa-crypto/drivers/builtin/CMakeFiles/builtin.dir/src/lmots.c.obj
[675/1074] Building C object esp-idf/mbedtls/mbedtls/tf-psa-crypto/drivers/builtin/CMakeFiles/builtin.dir/src/lms.c.obj
[676/1074] Building C object esp-idf/mbedtls/mbedtls/tf-psa-crypto/drivers/builtin/CMakeFiles/builtin.dir/src/md5.c.obj
[677/1074] Building C object esp-idf/mbedtls/mbedtls/tf-psa-crypto/drivers/builtin/CMakeFiles/builtin.dir/src/hmac_drbg.c.obj
[678/1074] Building C object esp-idf/mbedtls/mbedtls/tf-psa-crypto/drivers/builtin/CMakeFiles/builtin.dir/src/nist_kw.c.obj
[679/1074] Building C object esp-idf/mbedtls/mbedtls/tf-psa-crypto/drivers/builtin/CMakeFiles/builtin.dir/src/memory_buffer_alloc.c.obj
[680/1074] Building C object esp-idf/mbedtls/mbedtls/tf-psa-crypto/drivers/builtin/CMakeFiles/builtin.dir/src/md.c.obj
[681/1074] Building C object esp-idf/mbedtls/mbedtls/tf-psa-crypto/drivers/builtin/CMakeFiles/builtin.dir/src/oid.c.obj
[682/1074] Building C object esp-idf/mbedtls/mbedtls/tf-psa-crypto/drivers/builtin/CMakeFiles/builtin.dir/src/pem.c.obj
[683/1074] Building C object esp-idf/mbedtls/mbedtls/tf-psa-crypto/drivers/builtin/CMakeFiles/builtin.dir/src/gcm.c.obj
[684/1074] Building C object esp-idf/mbedtls/mbedtls/tf-psa-crypto/drivers/builtin/CMakeFiles/builtin.dir/src/ecp_curves.c.obj
[685/1074] Building C object esp-idf/mbedtls/mbedtls/tf-psa-crypto/drivers/builtin/CMakeFiles/builtin.dir/src/pk_ecc.c.obj
[686/1074] Building C object esp-idf/mbedtls/mbedtls/tf-psa-crypto/drivers/builtin/CMakeFiles/builtin.dir/src/pkcs5.c.obj
[687/1074] Building C object esp-idf/mbedtls/mbedtls/tf-psa-crypto/drivers/builtin/CMakeFiles/builtin.dir/src/pk_rsa.c.obj
[688/1074] Building C object esp-idf/mbedtls/mbedtls/tf-psa-crypto/drivers/builtin/CMakeFiles/builtin.dir/src/ecp.c.obj
[689/1074] Building C object esp-idf/mbedtls/mbedtls/tf-psa-crypto/drivers/builtin/CMakeFiles/builtin.dir/src/platform.c.obj
[690/1074] Building C object esp-idf/mbedtls/mbedtls/tf-psa-crypto/drivers/builtin/CMakeFiles/builtin.dir/src/pk_wrap.c.obj
[691/1074] Building C object esp-idf/mbedtls/mbedtls/tf-psa-crypto/drivers/builtin/CMakeFiles/builtin.dir/src/poly1305.c.obj
[692/1074] Building C object esp-idf/mbedtls/mbedtls/tf-psa-crypto/drivers/builtin/CMakeFiles/builtin.dir/src/platform_util.c.obj
[693/1074] Building C object esp-idf/mbedtls/mbedtls/tf-psa-crypto/drivers/builtin/CMakeFiles/builtin.dir/src/pkwrite.c.obj
[694/1074] Building C object esp-idf/mbedtls/mbedtls/tf-psa-crypto/drivers/builtin/CMakeFiles/builtin.dir/src/pkparse.c.obj
[695/1074] Building C object esp-idf/mbedtls/mbedtls/tf-psa-crypto/drivers/builtin/CMakeFiles/builtin.dir/src/psa_crypto_aead.c.obj
[696/1074] Building C object esp-idf/mbedtls/mbedtls/tf-psa-crypto/drivers/builtin/CMakeFiles/builtin.dir/src/pk.c.obj
[697/1074] Building C object esp-idf/mbedtls/mbedtls/tf-psa-crypto/drivers/builtin/CMakeFiles/builtin.dir/src/psa_crypto_ffdh.c.obj
[698/1074] Building C object esp-idf/mbedtls/mbedtls/tf-psa-crypto/drivers/builtin/CMakeFiles/builtin.dir/src/psa_crypto_ecp.c.obj
[699/1074] Building C object esp-idf/mbedtls/mbedtls/tf-psa-crypto/drivers/builtin/CMakeFiles/builtin.dir/src/psa_crypto_hash.c.obj
[700/1074] Building C object esp-idf/mbedtls/mbedtls/tf-psa-crypto/drivers/builtin/CMakeFiles/builtin.dir/src/psa_crypto_cipher.c.obj
[701/1074] Building C object esp-idf/mbedtls/mbedtls/tf-psa-crypto/drivers/builtin/CMakeFiles/builtin.dir/src/ripemd160.c.obj
[702/1074] Building C object esp-idf/mbedtls/mbedtls/tf-psa-crypto/drivers/builtin/CMakeFiles/builtin.dir/src/psa_crypto_mac.c.obj
[703/1074] Building C object esp-idf/mbedtls/mbedtls/tf-psa-crypto/drivers/builtin/CMakeFiles/builtin.dir/src/sha1.c.obj
[704/1074] Building C object esp-idf/mbedtls/mbedtls/tf-psa-crypto/drivers/builtin/CMakeFiles/builtin.dir/src/rsa_alt_helpers.c.obj
[705/1074] Building C object esp-idf/mbedtls/mbedtls/tf-psa-crypto/drivers/builtin/CMakeFiles/builtin.dir/src/psa_util.c.obj
[706/1074] Building C object esp-idf/mbedtls/mbedtls/tf-psa-crypto/drivers/builtin/CMakeFiles/builtin.dir/src/psa_crypto_pake.c.obj
[707/1074] Building C object esp-idf/mbedtls/mbedtls/tf-psa-crypto/drivers/builtin/CMakeFiles/builtin.dir/src/psa_crypto_rsa.c.obj
[708/1074] Building C object esp-idf/mbedtls/mbedtls/tf-psa-crypto/drivers/builtin/CMakeFiles/builtin.dir/src/sha3.c.obj
[709/1074] Building C object esp-idf/mbedtls/mbedtls/tf-psa-crypto/drivers/builtin/CMakeFiles/builtin.dir/__/__/__/__/port/esp_mem.c.obj
[710/1074] Building C object esp-idf/mbedtls/mbedtls/tf-psa-crypto/drivers/builtin/CMakeFiles/builtin.dir/src/sha512.c.obj
[711/1074] Linking CXX static library esp-idf/mbedtls/mbedtls/library/libmbedx509.a
[712/1074] Building C object esp-idf/mbedtls/mbedtls/tf-psa-crypto/drivers/everest/CMakeFiles/everest.dir/library/everest.c.obj
[713/1074] Building C object esp-idf/mbedtls/mbedtls/tf-psa-crypto/drivers/everest/CMakeFiles/everest.dir/library/x25519.c.obj
[714/1074] Building C object esp-idf/mbedtls/mbedtls/tf-psa-crypto/drivers/p256-m/CMakeFiles/p256m.dir/p256-m/p256-m.c.obj
[715/1074] Building C object esp-idf/mbedtls/mbedtls/tf-psa-crypto/drivers/p256-m/CMakeFiles/p256m.dir/p256-m_driver_entrypoints.c.obj
[716/1074] Building C object esp-idf/mbedtls/mbedtls/tf-psa-crypto/drivers/builtin/CMakeFiles/builtin.dir/src/threading.c.obj
[717/1074] Creating directories for 'bootloader'
[718/1074] No download step for 'bootloader'
[719/1074] Building C object esp-idf/mbedtls/mbedtls/tf-psa-crypto/drivers/everest/CMakeFiles/everest.dir/library/Hacl_Curve25519_joined.c.obj
[720/1074] No update step for 'bootloader'
[721/1074] No patch step for 'bootloader'
[722/1074] Building C object esp-idf/mbedtls/mbedtls/tf-psa-crypto/drivers/builtin/CMakeFiles/builtin.dir/src/sha256.c.obj
[723/1074] Building C object esp-idf/mbedtls/mbedtls/tf-psa-crypto/drivers/builtin/CMakeFiles/builtin.dir/src/rsa.c.obj
[724/1074] Linking CXX static library esp-idf/mbedtls/mbedtls/tf-psa-crypto/drivers/builtin/libmbed-builtin.a
[725/1074] Linking CXX static library esp-idf/mbedtls/mbedtls/tf-psa-crypto/drivers/p256-m/libp256m.a
[726/1074] Linking CXX static library esp-idf/mbedtls/mbedtls/tf-psa-crypto/drivers/everest/libeverest.a
[727/1074] Generating x509_crt_bundle
[728/1074] Generating ../../x509_crt_bundle.S
[729/1074] Building ASM object esp-idf/mbedtls/CMakeFiles/__idf_mbedtls.dir/__/__/x509_crt_bundle.S.obj
[730/1074] Building C object esp-idf/esp_mm/CMakeFiles/__idf_esp_mm.dir/port/esp32/ext_mem_layout.c.obj
[731/1074] Building C object esp-idf/esp_driver_dma/CMakeFiles/__idf_esp_driver_dma.dir/src/esp_dma_utils.c.obj
[732/1074] Building C object esp-idf/esp_mm/CMakeFiles/__idf_esp_mm.dir/esp_cache_msync.c.obj
[733/1074] Building C object esp-idf/esp_driver_dma/CMakeFiles/__idf_esp_driver_dma.dir/src/gdma_link.c.obj
[734/1074] Building C object esp-idf/esp_mm/CMakeFiles/__idf_esp_mm.dir/cache_esp32.c.obj
[735/1074] Building C object esp-idf/mbedtls/CMakeFiles/__idf_mbedtls.dir/esp_crt_bundle/esp_crt_bundle.c.obj
[736/1074] Building C object esp-idf/esp_mm/CMakeFiles/__idf_esp_mm.dir/esp_cache_utils.c.obj
[737/1074] Linking C static library esp-idf/mbedtls/libmbedtls.a
[738/1074] Building C object esp-idf/esp_pm/CMakeFiles/__idf_esp_pm.dir/pm_locks.c.obj
[739/1074] Linking C static library esp-idf/esp_driver_dma/libesp_driver_dma.a
[740/1074] Building C object esp-idf/esp_pm/CMakeFiles/__idf_esp_pm.dir/pm_trace.c.obj
[741/1074] Building C object esp-idf/esp_hal_uart/CMakeFiles/__idf_esp_hal_uart.dir/esp32/uart_periph.c.obj
[742/1074] Building C object esp-idf/esp_mm/CMakeFiles/__idf_esp_mm.dir/esp_mmu_map.c.obj
[743/1074] Building C object esp-idf/esp_hal_uart/CMakeFiles/__idf_esp_hal_uart.dir/uart_hal_iram.c.obj
[744/1074] Building C object esp-idf/esp_hal_uart/CMakeFiles/__idf_esp_hal_uart.dir/uart_hal.c.obj
[745/1074] Linking C static library esp-idf/esp_mm/libesp_mm.a
[746/1074] Building C object esp-idf/esp_driver_gpio/CMakeFiles/__idf_esp_driver_gpio.dir/src/gpio_glitch_filter_ops.c.obj
[747/1074] Building C object esp-idf/esp_pm/CMakeFiles/__idf_esp_pm.dir/pm_impl.c.obj
[748/1074] Building C object esp-idf/esp_security/CMakeFiles/__idf_esp_security.dir/src/init.c.obj
[749/1074] Linking C static library esp-idf/esp_pm/libesp_pm.a
[750/1074] Building C object esp-idf/esp_security/CMakeFiles/__idf_esp_security.dir/src/esp_crypto_lock.c.obj
[751/1074] Linking C static library esp-idf/esp_hal_uart/libesp_hal_uart.a
[752/1074] Building C object esp-idf/efuse/CMakeFiles/__idf_efuse.dir/esp32/esp_efuse_table.c.obj
[753/1074] Building C object esp-idf/esp_security/CMakeFiles/__idf_esp_security.dir/src/esp_crypto_periph_clk.c.obj
[754/1074] Building C object esp-idf/efuse/CMakeFiles/__idf_efuse.dir/esp32/esp_efuse_fields.c.obj
[755/1074] Building C object esp-idf/efuse/CMakeFiles/__idf_efuse.dir/src/esp_efuse_fields.c.obj
[756/1074] Building C object esp-idf/efuse/CMakeFiles/__idf_efuse.dir/esp32/esp_efuse_utility.c.obj
[757/1074] Building C object esp-idf/esp_driver_gpio/CMakeFiles/__idf_esp_driver_gpio.dir/src/rtc_io.c.obj
[758/1074] Building C object esp-idf/efuse/CMakeFiles/__idf_efuse.dir/src/esp_efuse_api.c.obj
[759/1074] Building C object esp-idf/efuse/CMakeFiles/__idf_efuse.dir/src/esp_efuse_startup.c.obj
[760/1074] Building C object esp-idf/efuse/CMakeFiles/__idf_efuse.dir/src/efuse_controller/keys/without_key_purposes/three_key_blocks/esp_efuse_api_key.c.obj
[761/1074] Building C object esp-idf/efuse/CMakeFiles/__idf_efuse.dir/src/esp_efuse_utility.c.obj
[762/1074] Building C object esp-idf/esp_partition/CMakeFiles/__idf_esp_partition.dir/partition_target.c.obj
[763/1074] Building C object esp-idf/esp_bootloader_format/CMakeFiles/__idf_esp_bootloader_format.dir/esp_bootloader_desc.c.obj
[764/1074] Building C object esp-idf/esp_partition/CMakeFiles/__idf_esp_partition.dir/partition.c.obj
[765/1074] Building C object esp-idf/esp_hal_security/CMakeFiles/__idf_esp_hal_security.dir/mpi_hal.c.obj
[766/1074] Building C object esp-idf/esp_app_format/CMakeFiles/__idf_esp_app_format.dir/esp_app_desc.c.obj
[767/1074] Building C object esp-idf/esp_hal_security/CMakeFiles/__idf_esp_hal_security.dir/mpu_hal.c.obj
[768/1074] Building C object esp-idf/esp_driver_gpio/CMakeFiles/__idf_esp_driver_gpio.dir/src/gpio.c.obj
[769/1074] Building C object esp-idf/esp_hal_security/CMakeFiles/__idf_esp_hal_security.dir/aes_hal.c.obj
[770/1074] Building C object esp-idf/esp_hal_security/CMakeFiles/__idf_esp_hal_security.dir/sha_hal.c.obj
[771/1074] Linking C static library esp-idf/esp_driver_gpio/libesp_driver_gpio.a
[772/1074] Linking C static library esp-idf/esp_security/libesp_security.a
[773/1074] Building C object esp-idf/esp_hal_mspi/CMakeFiles/__idf_esp_hal_mspi.dir/spi_flash_encrypt_hal_iram.c.obj
[774/1074] Linking C static library esp-idf/efuse/libefuse.a
[775/1074] Building C object esp-idf/esp_hal_mspi/CMakeFiles/__idf_esp_hal_mspi.dir/esp32/mspi_periph.c.obj
[776/1074] Linking C static library esp-idf/esp_partition/libesp_partition.a
[777/1074] Building C object esp-idf/esp_hal_mspi/CMakeFiles/__idf_esp_hal_mspi.dir/spi_flash_hal.c.obj
[778/1074] Building C object esp-idf/esp_hal_gpspi/CMakeFiles/__idf_esp_hal_gpspi.dir/esp32/spi_periph.c.obj
[779/1074] Building C object esp-idf/app_update/CMakeFiles/__idf_app_update.dir/esp_ota_ops.c.obj
[780/1074] Linking C static library esp-idf/app_update/libapp_update.a
[781/1074] Building C object esp-idf/esp_hal_mspi/CMakeFiles/__idf_esp_hal_mspi.dir/spi_flash_hal_iram.c.obj
[782/1074] Linking C static library esp-idf/esp_bootloader_format/libesp_bootloader_format.a
[783/1074] Building C object esp-idf/esp_hal_clock/CMakeFiles/__idf_esp_hal_clock.dir/esp32/clk_tree_hal.c.obj
[784/1074] Building C object esp-idf/esp_hal_gpspi/CMakeFiles/__idf_esp_hal_gpspi.dir/spi_hal.c.obj
[785/1074] Linking C static library esp-idf/esp_app_format/libesp_app_format.a
[786/1074] Linking C static library esp-idf/esp_hal_security/libesp_hal_security.a
[787/1074] Linking C static library esp-idf/esp_hal_mspi/libesp_hal_mspi.a
[788/1074] Building C object esp-idf/esp_stdio/CMakeFiles/__idf_esp_stdio.dir/stdio_port.c.obj
[789/1074] Linking C static library esp-idf/esp_hal_clock/libesp_hal_clock.a
[790/1074] Building C object esp-idf/esp_hal_gpspi/CMakeFiles/__idf_esp_hal_gpspi.dir/spi_slave_hal_iram.c.obj
[791/1074] Building C object esp-idf/esp_hal_gpspi/CMakeFiles/__idf_esp_hal_gpspi.dir/spi_slave_hal.c.obj
[792/1074] Building C object esp-idf/esp_stdio/CMakeFiles/__idf_esp_stdio.dir/stdio_simple.c.obj
[793/1074] Building C object esp-idf/xtensa/CMakeFiles/__idf_xtensa.dir/eri.c.obj
[794/1074] Building C object esp-idf/esp_hal_gpspi/CMakeFiles/__idf_esp_hal_gpspi.dir/spi_hal_iram.c.obj
[795/1074] Building ASM object esp-idf/xtensa/CMakeFiles/__idf_xtensa.dir/xtensa_context.S.obj
[796/1074] Linking C static library esp-idf/esp_hal_gpspi/libesp_hal_gpspi.a
[797/1074] Building ASM object esp-idf/xtensa/CMakeFiles/__idf_xtensa.dir/xtensa_intr_asm.S.obj
[798/1074] Building C object esp-idf/xtensa/CMakeFiles/__idf_xtensa.dir/xt_trax.c.obj
[799/1074] Building C object esp-idf/esp_stdio/CMakeFiles/__idf_esp_stdio.dir/stdio_syscalls_simple.c.obj
[800/1074] Building C object esp-idf/esp_stdio/CMakeFiles/__idf_esp_stdio.dir/stdio_vfs.c.obj
[801/1074] Linking C static library esp-idf/esp_stdio/libesp_stdio.a
[802/1074] Building ASM object esp-idf/xtensa/CMakeFiles/__idf_xtensa.dir/xtensa_vectors.S.obj
[803/1074] Building C object esp-idf/esp_hal_sd/CMakeFiles/__idf_esp_hal_sd.dir/sdmmc_hal.c.obj
[804/1074] Building C object esp-idf/xtensa/CMakeFiles/__idf_xtensa.dir/xtensa_intr.c.obj
[805/1074] Building C object esp-idf/esp_hal_sd/CMakeFiles/__idf_esp_hal_sd.dir/esp32/sdmmc_periph.c.obj
[806/1074] Linking C static library esp-idf/xtensa/libxtensa.a
[807/1074] Building C object esp-idf/esp_hal_sd/CMakeFiles/__idf_esp_hal_sd.dir/esp32/sdio_slave_periph.c.obj
[808/1074] Building C object esp-idf/sdmmc/CMakeFiles/__idf_sdmmc.dir/sdmmc_init.c.obj
[809/1074] Building C object esp-idf/sdmmc/CMakeFiles/__idf_sdmmc.dir/sdmmc_mmc.c.obj
[810/1074] Building C object esp-idf/sdmmc/CMakeFiles/__idf_sdmmc.dir/sdmmc_common.c.obj
[811/1074] Building C object esp-idf/esp_hal_sd/CMakeFiles/__idf_esp_hal_sd.dir/sdio_slave_hal.c.obj
[812/1074] Linking C static library esp-idf/esp_hal_sd/libesp_hal_sd.a
[813/1074] Building C object esp-idf/sdmmc/CMakeFiles/__idf_sdmmc.dir/sd_pwr_ctrl/sd_pwr_ctrl.c.obj
[814/1074] Building C object esp-idf/sdmmc/CMakeFiles/__idf_sdmmc.dir/sdmmc_blockdev.c.obj
[815/1074] Building C object esp-idf/sdmmc/CMakeFiles/__idf_sdmmc.dir/sdmmc_cmd.c.obj
[816/1074] Building C object esp-idf/sdmmc/CMakeFiles/__idf_sdmmc.dir/sdmmc_io.c.obj
[817/1074] Building C object esp-idf/esp_driver_spi/CMakeFiles/__idf_esp_driver_spi.dir/src/gpspi/spi_dma.c.obj
[818/1074] Building C object esp-idf/sdmmc/CMakeFiles/__idf_sdmmc.dir/sdmmc_sd.c.obj
[819/1074] Building C object esp-idf/esp_driver_spi/CMakeFiles/__idf_esp_driver_spi.dir/src/gpspi/spi_master.c.obj
[820/1074] Building C object esp-idf/esp_driver_spi/CMakeFiles/__idf_esp_driver_spi.dir/src/gpspi/spi_slave.c.obj
[821/1074] Building C object esp-idf/console/CMakeFiles/__idf_console.dir/split_argv.c.obj
[822/1074] Building C object esp-idf/esp_driver_spi/CMakeFiles/__idf_esp_driver_spi.dir/src/gpspi/spi_common.c.obj
[823/1074] Building C object esp-idf/console/CMakeFiles/__idf_console.dir/esp_console_common.c.obj
[824/1074] Building C object esp-idf/console/CMakeFiles/__idf_console.dir/commands.c.obj
[825/1074] Building C object esp-idf/console/CMakeFiles/__idf_console.dir/esp_console_repl_chip.c.obj
[826/1074] Building C object esp-idf/console/CMakeFiles/__idf_console.dir/argtable3/arg_cmd.c.obj
[827/1074] Building C object esp-idf/console/CMakeFiles/__idf_console.dir/esp_console_repl_internal.c.obj
[828/1074] Building C object esp-idf/console/CMakeFiles/__idf_console.dir/argtable3/arg_dbl.c.obj
[829/1074] Building C object esp-idf/console/CMakeFiles/__idf_console.dir/argtable3/arg_end.c.obj
[830/1074] Building C object esp-idf/console/CMakeFiles/__idf_console.dir/argtable3/arg_dstr.c.obj
[831/1074] Building C object esp-idf/console/CMakeFiles/__idf_console.dir/argtable3/arg_file.c.obj
[832/1074] Building C object esp-idf/console/CMakeFiles/__idf_console.dir/argtable3/arg_date.c.obj
[833/1074] Building C object esp-idf/console/CMakeFiles/__idf_console.dir/argtable3/arg_lit.c.obj
[834/1074] Building C object esp-idf/console/CMakeFiles/__idf_console.dir/argtable3/arg_rem.c.obj
[835/1074] Building C object esp-idf/console/CMakeFiles/__idf_console.dir/argtable3/arg_hashtable.c.obj
[836/1074] Building C object esp-idf/console/CMakeFiles/__idf_console.dir/argtable3/arg_int.c.obj
[837/1074] Building C object esp-idf/console/CMakeFiles/__idf_console.dir/linenoise/linenoise.c.obj
[838/1074] Building C object esp-idf/console/CMakeFiles/__idf_console.dir/argtable3/arg_str.c.obj
[839/1074] Building C object esp-idf/esp_hal_twai/CMakeFiles/__idf_esp_hal_twai.dir/esp32/twai_periph.c.obj
[840/1074] Linking C static library esp-idf/sdmmc/libsdmmc.a
[841/1074] Building C object esp-idf/console/CMakeFiles/__idf_console.dir/argtable3/arg_utils.c.obj
[842/1074] Building C object esp-idf/esp_driver_sd_intf/CMakeFiles/__idf_esp_driver_sd_intf.dir/sd_host.c.obj
[843/1074] Linking C static library esp-idf/esp_driver_spi/libesp_driver_spi.a
[844/1074] Building C object esp-idf/console/CMakeFiles/__idf_console.dir/argtable3/argtable3.c.obj
[845/1074] Building C object esp-idf/unity/CMakeFiles/__idf_unity.dir/unity_compat.c.obj
[846/1074] Building C object esp-idf/esp_hal_twai/CMakeFiles/__idf_esp_hal_twai.dir/twai_hal_v1.c.obj
[847/1074] Building C object esp-idf/console/CMakeFiles/__idf_console.dir/argtable3/arg_rex.c.obj
[848/1074] Building C object esp-idf/unity/CMakeFiles/__idf_unity.dir/unity_runner.c.obj
[849/1074] Building C object esp-idf/unity/CMakeFiles/__idf_unity.dir/unity_utils_freertos.c.obj
[850/1074] Building C object esp-idf/unity/CMakeFiles/__idf_unity.dir/unity_utils_cache.c.obj
[851/1074] Building C object esp-idf/unity/CMakeFiles/__idf_unity.dir/port/esp/unity_utils_memory_esp.c.obj
[852/1074] Building C object esp-idf/unity/CMakeFiles/__idf_unity.dir/unity_utils_memory.c.obj
[853/1074] Building C object esp-idf/unity/CMakeFiles/__idf_unity.dir/unity_port_esp32.c.obj
[854/1074] Linking C static library esp-idf/esp_hal_twai/libesp_hal_twai.a
[855/1074] Linking C static library esp-idf/console/libconsole.a
[856/1074] Building C object esp-idf/unity/CMakeFiles/__idf_unity.dir/unity/src/unity.c.obj
[857/1074] Building C object esp-idf/driver/CMakeFiles/__idf_driver.dir/touch_sensor/touch_sensor_common.c.obj
[858/1074] Building C object esp-idf/driver/CMakeFiles/__idf_driver.dir/touch_sensor/esp32/touch_sensor.c.obj
[859/1074] Building C object esp-idf/driver/CMakeFiles/__idf_driver.dir/twai/twai.c.obj
[860/1074] Building C object esp-idf/protobuf-c/CMakeFiles/__idf_protobuf-c.dir/protobuf-c/protobuf-c/protobuf-c.c.obj
[861/1074] Building C object esp-idf/esp_hal_ledc/CMakeFiles/__idf_esp_hal_ledc.dir/ledc_hal.c.obj
[862/1074] Building C object esp-idf/esp_driver_i2c/CMakeFiles/__idf_esp_driver_i2c.dir/i2c_common.c.obj
[863/1074] Building C object esp-idf/driver/CMakeFiles/__idf_driver.dir/i2c/i2c.c.obj
[864/1074] Building C object esp-idf/esp_hal_ledc/CMakeFiles/__idf_esp_hal_ledc.dir/esp32/ledc_periph.c.obj
[865/1074] Building C object esp-idf/esp_hal_ledc/CMakeFiles/__idf_esp_hal_ledc.dir/ledc_hal_iram.c.obj
[866/1074] Building C object esp-idf/esp_hal_mcpwm/CMakeFiles/__idf_esp_hal_mcpwm.dir/esp32/mcpwm_periph.c.obj
[867/1074] Building C object esp-idf/esp_hal_pcnt/CMakeFiles/__idf_esp_hal_pcnt.dir/pcnt_hal.c.obj
[868/1074] Building C object esp-idf/esp_driver_i2c/CMakeFiles/__idf_esp_driver_i2c.dir/i2c_slave.c.obj
[869/1074] Building C object esp-idf/esp_hal_mcpwm/CMakeFiles/__idf_esp_hal_mcpwm.dir/mcpwm_hal.c.obj
[870/1074] Linking C static library esp-idf/esp_driver_sd_intf/libesp_driver_sd_intf.a
[871/1074] Building C object esp-idf/esp_hal_pcnt/CMakeFiles/__idf_esp_hal_pcnt.dir/esp32/pcnt_periph.c.obj
[872/1074] Building C object esp-idf/esp_hal_rmt/CMakeFiles/__idf_esp_hal_rmt.dir/esp32/rmt_periph.c.obj
[873/1074] Building C object esp-idf/esp_hal_rmt/CMakeFiles/__idf_esp_hal_rmt.dir/rmt_hal.c.obj
[874/1074] Building C object esp-idf/esp_driver_sdmmc/CMakeFiles/__idf_esp_driver_sdmmc.dir/legacy/src/sdmmc_transaction.c.obj
[875/1074] Building C object esp-idf/esp_driver_sdspi/CMakeFiles/__idf_esp_driver_sdspi.dir/src/sdspi_crc.c.obj
[876/1074] Building C object esp-idf/esp_driver_sdmmc/CMakeFiles/__idf_esp_driver_sdmmc.dir/legacy/src/sdmmc_host.c.obj
[877/1074] Building C object esp-idf/esp_driver_i2c/CMakeFiles/__idf_esp_driver_i2c.dir/i2c_master.c.obj
[878/1074] Building C object esp-idf/esp_driver_sdspi/CMakeFiles/__idf_esp_driver_sdspi.dir/src/sdspi_transaction.c.obj
[879/1074] Building C object esp-idf/esp_hal_emac/CMakeFiles/__idf_esp_hal_emac.dir/esp32/emac_periph.c.obj
[880/1074] Building C object esp-idf/esp_driver_sdmmc/CMakeFiles/__idf_esp_driver_sdmmc.dir/src/sd_trans_sdmmc.c.obj
[881/1074] Building C object esp-idf/esp_hal_emac/CMakeFiles/__idf_esp_hal_emac.dir/emac_hal.c.obj
[882/1074] Linking C static library esp-idf/protobuf-c/libprotobuf-c.a
[883/1074] Building C object esp-idf/esp_hal_lcd/CMakeFiles/__idf_esp_hal_lcd.dir/esp32/lcd_periph.c.obj
[884/1074] Building C object esp-idf/protocomm/CMakeFiles/__idf_protocomm.dir/proto-c/constants.pb-c.c.obj
[885/1074] Building C object esp-idf/esp_driver_sdspi/CMakeFiles/__idf_esp_driver_sdspi.dir/src/sdspi_host.c.obj
[886/1074] Building C object esp-idf/protocomm/CMakeFiles/__idf_protocomm.dir/proto-c/sec0.pb-c.c.obj
[887/1074] Building C object esp-idf/esp_driver_sdmmc/CMakeFiles/__idf_esp_driver_sdmmc.dir/src/sd_host_sdmmc.c.obj
[888/1074] Building C object esp-idf/protocomm/CMakeFiles/__idf_protocomm.dir/proto-c/sec1.pb-c.c.obj
[889/1074] Building C object esp-idf/protocomm/CMakeFiles/__idf_protocomm.dir/proto-c/session.pb-c.c.obj
[890/1074] Building C object esp-idf/esp_https_server/CMakeFiles/__idf_esp_https_server.dir/src/https_server.c.obj
[891/1074] Building C object esp-idf/protocomm/CMakeFiles/__idf_protocomm.dir/src/common/protocomm.c.obj
[892/1074] Building C object esp-idf/protocomm/CMakeFiles/__idf_protocomm.dir/proto-c/sec2.pb-c.c.obj
[893/1074] Building C object esp-idf/protocomm/CMakeFiles/__idf_protocomm.dir/src/crypto/srp6a/esp_srp_mpi.c.obj
[894/1074] Building C object esp-idf/protocomm/CMakeFiles/__idf_protocomm.dir/src/transports/protocomm_console.c.obj
[895/1074] Building C object esp-idf/protocomm/CMakeFiles/__idf_protocomm.dir/src/transports/protocomm_httpd.c.obj
[896/1074] Building CXX object esp-idf/wear_levelling/CMakeFiles/__idf_wear_levelling.dir/Partition.cpp.obj
[897/1074] Building CXX object esp-idf/wear_levelling/CMakeFiles/__idf_wear_levelling.dir/BDL_Access.cpp.obj
[898/1074] Building C object esp-idf/protocomm/CMakeFiles/__idf_protocomm.dir/src/security/security2.c.obj
[899/1074] Building CXX object esp-idf/wear_levelling/CMakeFiles/__idf_wear_levelling.dir/SPI_Flash.cpp.obj
[900/1074] Building C object esp-idf/protocomm/CMakeFiles/__idf_protocomm.dir/src/crypto/srp6a/esp_srp.c.obj
[901/1074] Building CXX object esp-idf/wear_levelling/CMakeFiles/__idf_wear_levelling.dir/WL_Ext_Safe.cpp.obj
[902/1074] Building CXX object esp-idf/wear_levelling/CMakeFiles/__idf_wear_levelling.dir/crc32.cpp.obj
[903/1074] Building CXX object esp-idf/wear_levelling/CMakeFiles/__idf_wear_levelling.dir/WL_Ext_Perf.cpp.obj
[904/1074] Building CXX object esp-idf/wear_levelling/CMakeFiles/__idf_wear_levelling.dir/wl_blockdev.cpp.obj
[905/1074] Building CXX object esp-idf/wear_levelling/CMakeFiles/__idf_wear_levelling.dir/wear_levelling.cpp.obj
[906/1074] Building CXX object esp-idf/wear_levelling/CMakeFiles/__idf_wear_levelling.dir/WL_Flash.cpp.obj
[907/1074] Linking C static library esp-idf/unity/libunity.a
[908/1074] Performing configure step for 'bootloader'
-- Found Git: /usr/bin/git (found version "2.53.0")
-- Component directory /a0/usr/projects/zclaw/esp-idf/components/idf_test does not contain a CMakeLists.txt file. No component will be added
-- Minimal build - OFF
-- The C compiler identification is GNU 15.2.0
-- The CXX compiler identification is GNU 15.2.0
-- The ASM compiler identification is GNU
-- Found assembler: /root/.espressif/tools/xtensa-esp-elf/esp-15.2.0_20251204/xtensa-esp-elf/bin/xtensa-esp32-elf-gcc
-- Detecting C compiler ABI info
-- Detecting C compiler ABI info - done
-- Check for working C compiler: /root/.espressif/tools/xtensa-esp-elf/esp-15.2.0_20251204/xtensa-esp-elf/bin/xtensa-esp32-elf-gcc - skipped
-- Detecting C compile features
-- Detecting C compile features - done
-- Detecting CXX compiler ABI info
-- Detecting CXX compiler ABI info - done
-- Check for working CXX compiler: /root/.espressif/tools/xtensa-esp-elf/esp-15.2.0_20251204/xtensa-esp-elf/bin/xtensa-esp32-elf-g++ - skipped
-- Detecting CXX compile features
-- Detecting CXX compile features - done
-- Building ESP-IDF components for target esp32
-- ESP-TEE is currently supported only on the esp32c6;esp32h2;esp32c5;esp32c61 SoCs
-- KCONFIG_REPORT_VERBOSITY not set, using default
-- Project sdkconfig file /a0/usr/projects/zclaw/sdkconfig
Configuration Report               
 ───────────────────────────────── 
   Parser Version: 1               
   Verbosity: default              
   Defaults policy: sdkconfig      
   Status: Finished successfully   
                                   
 ───────────────────────────────── 
-- Compiler supported targets: xtensa-esp-elf
-- Detecting C compiler ABI info
-- Detecting C compiler ABI info - done
-- Detecting CXX compiler ABI info
-- Detecting CXX compiler ABI info - done
-- Detecting C compiler ABI info
-- Detecting C compiler ABI info - done
-- Detecting CXX compiler ABI info
-- Detecting CXX compiler ABI info - done
-- Adding linker script /a0/usr/projects/zclaw/esp-idf/components/soc/esp32/ld/esp32.peripherals.ld
-- Adding linker script /a0/usr/projects/zclaw/esp-idf/components/esp_hal_regi2c/esp32/rom.regi2c.ld
-- Bootloader project name: "bootloader" version: 1
-- Adding linker script /a0/usr/projects/zclaw/esp-idf/components/esp_rom/esp32/ld/esp32.rom.ld
-- Adding linker script /a0/usr/projects/zclaw/esp-idf/components/esp_rom/esp32/ld/esp32.rom.api.ld
-- Adding linker script /a0/usr/projects/zclaw/esp-idf/components/esp_rom/esp32/ld/esp32.rom.libgcc.ld
-- Adding linker script /a0/usr/projects/zclaw/esp-idf/components/esp_rom/esp32/ld/esp32.rom.libc-funcs.ld
-- Components: bootloader bootloader_support efuse esp_app_format esp_blockdev esp_bootloader_format esp_common esp_hal_ana_conv esp_hal_clock esp_hal_dma esp_hal_gpio esp_hal_gpspi esp_hal_i2s esp_hal_mspi esp_hal_pmu esp_hal_regi2c esp_hal_rtc_timer esp_hal_security esp_hal_systimer esp_hal_timg esp_hal_uart esp_hal_usb esp_hal_wdt esp_hw_support esp_libc esp_rom esp_security esp_stdio esp_system esptool_py freertos hal log main micro-ecc partition_table soc spi_flash xtensa
-- Component paths: /a0/usr/projects/zclaw/esp-idf/components/bootloader /a0/usr/projects/zclaw/esp-idf/components/bootloader_support /a0/usr/projects/zclaw/esp-idf/components/efuse /a0/usr/projects/zclaw/esp-idf/components/esp_app_format /a0/usr/projects/zclaw/esp-idf/components/esp_blockdev /a0/usr/projects/zclaw/esp-idf/components/esp_bootloader_format /a0/usr/projects/zclaw/esp-idf/components/esp_common /a0/usr/projects/zclaw/esp-idf/components/esp_hal_ana_conv /a0/usr/projects/zclaw/esp-idf/components/esp_hal_clock /a0/usr/projects/zclaw/esp-idf/components/esp_hal_dma /a0/usr/projects/zclaw/esp-idf/components/esp_hal_gpio /a0/usr/projects/zclaw/esp-idf/components/esp_hal_gpspi /a0/usr/projects/zclaw/esp-idf/components/esp_hal_i2s /a0/usr/projects/zclaw/esp-idf/components/esp_hal_mspi /a0/usr/projects/zclaw/esp-idf/components/esp_hal_pmu /a0/usr/projects/zclaw/esp-idf/components/esp_hal_regi2c /a0/usr/projects/zclaw/esp-idf/components/esp_hal_rtc_timer /a0/usr/projects/zclaw/esp-idf/components/esp_hal_security /a0/usr/projects/zclaw/esp-idf/components/esp_hal_systimer /a0/usr/projects/zclaw/esp-idf/components/esp_hal_timg /a0/usr/projects/zclaw/esp-idf/components/esp_hal_uart /a0/usr/projects/zclaw/esp-idf/components/esp_hal_usb /a0/usr/projects/zclaw/esp-idf/components/esp_hal_wdt /a0/usr/projects/zclaw/esp-idf/components/esp_hw_support /a0/usr/projects/zclaw/esp-idf/components/esp_libc /a0/usr/projects/zclaw/esp-idf/components/esp_rom /a0/usr/projects/zclaw/esp-idf/components/esp_security /a0/usr/projects/zclaw/esp-idf/components/esp_stdio /a0/usr/projects/zclaw/esp-idf/components/esp_system /a0/usr/projects/zclaw/esp-idf/components/esptool_py /a0/usr/projects/zclaw/esp-idf/components/freertos /a0/usr/projects/zclaw/esp-idf/components/hal /a0/usr/projects/zclaw/esp-idf/components/log /a0/usr/projects/zclaw/esp-idf/components/bootloader/subproject/main /a0/usr/projects/zclaw/esp-idf/components/bootloader/subproject/components/micro-ecc /a0/usr/projects/zclaw/esp-idf/components/partition_table /a0/usr/projects/zclaw/esp-idf/components/soc /a0/usr/projects/zclaw/esp-idf/components/spi_flash /a0/usr/projects/zclaw/esp-idf/components/xtensa
-- Adding linker script /a0/usr/projects/zclaw/esp-idf/components/bootloader/subproject/main/ld/esp32/bootloader.memory.ld.in
--   -> Preprocessing .in script: /a0/usr/projects/zclaw/esp-idf/components/bootloader/subproject/main/ld/esp32/bootloader.memory.ld.in
-- Adding linker script /a0/usr/projects/zclaw/esp-idf/components/bootloader/subproject/main/ld/esp32/bootloader.sections.ld.in
--   -> Preprocessing .in script: /a0/usr/projects/zclaw/esp-idf/components/bootloader/subproject/main/ld/esp32/bootloader.sections.ld.in
-- Configuring done (30.3s)
-- Generating done (0.8s)
-- Build files have been written to: /a0/usr/projects/zclaw/build/bootloader
[909/1074] Linking C static library esp-idf/driver/libdriver.a
[910/1074] Building C object esp-idf/cmock/CMakeFiles/__idf_cmock.dir/CMock/src/cmock.c.obj
[911/1074] Building C object esp-idf/esp_driver_gptimer/CMakeFiles/__idf_esp_driver_gptimer.dir/src/gptimer_common.c.obj
[912/1074] Building C object esp-idf/espressif__cjson/CMakeFiles/__idf_espressif__cjson.dir/cJSON/cJSON_Utils.c.obj
[913/1074] Building C object esp-idf/esp_driver_cam/CMakeFiles/__idf_esp_driver_cam.dir/dvp_share_ctrl.c.obj
[914/1074] Building C object esp-idf/esp_blockdev_util/CMakeFiles/__idf_esp_blockdev_util.dir/memory.c.obj
[915/1074] Building C object esp-idf/esp_driver_gptimer/CMakeFiles/__idf_esp_driver_gptimer.dir/src/gptimer.c.obj
[916/1074] Building C object esp-idf/esp_blockdev_util/CMakeFiles/__idf_esp_blockdev_util.dir/generic_partition.c.obj
[917/1074] Building C object esp-idf/esp_driver_cam/CMakeFiles/__idf_esp_driver_cam.dir/esp_cam_ctlr.c.obj
[918/1074] Building C object esp-idf/esp_driver_dac/CMakeFiles/__idf_esp_driver_dac.dir/dac_oneshot.c.obj
[919/1074] Linking C static library esp-idf/esp_driver_i2c/libesp_driver_i2c.a
[920/1074] Linking C static library esp-idf/esp_hal_ledc/libesp_hal_ledc.a
[921/1074] Building C object esp-idf/esp_driver_dac/CMakeFiles/__idf_esp_driver_dac.dir/dac_common.c.obj
[922/1074] Linking C static library esp-idf/esp_hal_mcpwm/libesp_hal_mcpwm.a
[923/1074] Building C object esp-idf/espressif__cjson/CMakeFiles/__idf_espressif__cjson.dir/cJSON/cJSON.c.obj
[924/1074] Building C object esp-idf/esp_driver_dac/CMakeFiles/__idf_esp_driver_dac.dir/dac_cosine.c.obj
[925/1074] Building C object esp-idf/esp_driver_dac/CMakeFiles/__idf_esp_driver_dac.dir/esp32/dac_dma.c.obj
[926/1074] Building C object esp-idf/esp_driver_dac/CMakeFiles/__idf_esp_driver_dac.dir/dac_continuous.c.obj
[927/1074] Building C object esp-idf/esp_driver_mcpwm/CMakeFiles/__idf_esp_driver_mcpwm.dir/src/mcpwm_com.c.obj
[928/1074] Building C object esp-idf/esp_driver_mcpwm/CMakeFiles/__idf_esp_driver_mcpwm.dir/src/mcpwm_cmpr.c.obj
[929/1074] Building C object esp-idf/esp_driver_mcpwm/CMakeFiles/__idf_esp_driver_mcpwm.dir/src/mcpwm_fault.c.obj
[930/1074] Building C object esp-idf/esp_driver_mcpwm/CMakeFiles/__idf_esp_driver_mcpwm.dir/src/mcpwm_cap.c.obj
[931/1074] Linking C static library esp-idf/esp_hal_pcnt/libesp_hal_pcnt.a
[932/1074] Building C object esp-idf/esp_driver_mcpwm/CMakeFiles/__idf_esp_driver_mcpwm.dir/src/mcpwm_gen.c.obj
[933/1074] Building C object esp-idf/esp_driver_mcpwm/CMakeFiles/__idf_esp_driver_mcpwm.dir/src/mcpwm_sync.c.obj
[934/1074] Linking C static library esp-idf/esp_hal_rmt/libesp_hal_rmt.a
[935/1074] Building C object esp-idf/esp_driver_mcpwm/CMakeFiles/__idf_esp_driver_mcpwm.dir/src/mcpwm_oper.c.obj
[936/1074] Building C object esp-idf/esp_driver_rmt/CMakeFiles/__idf_esp_driver_rmt.dir/src/rmt_encoder.c.obj
[937/1074] Building C object esp-idf/esp_driver_rmt/CMakeFiles/__idf_esp_driver_rmt.dir/src/rmt_common.c.obj
[938/1074] Building C object esp-idf/esp_driver_rmt/CMakeFiles/__idf_esp_driver_rmt.dir/src/rmt_encoder_bytes.c.obj
[939/1074] Building C object esp-idf/esp_driver_rmt/CMakeFiles/__idf_esp_driver_rmt.dir/src/rmt_encoder_copy.c.obj
[940/1074] Building C object esp-idf/esp_driver_mcpwm/CMakeFiles/__idf_esp_driver_mcpwm.dir/src/mcpwm_timer.c.obj
[941/1074] Building C object esp-idf/esp_driver_ledc/CMakeFiles/__idf_esp_driver_ledc.dir/src/ledc.c.obj
[942/1074] Building C object esp-idf/esp_driver_rmt/CMakeFiles/__idf_esp_driver_rmt.dir/src/rmt_encoder_simple.c.obj
[943/1074] Linking C static library esp-idf/esp_driver_sdmmc/libesp_driver_sdmmc.a
[944/1074] Linking C static library esp-idf/esp_driver_sdspi/libesp_driver_sdspi.a
[945/1074] Building C object esp-idf/esp_driver_pcnt/CMakeFiles/__idf_esp_driver_pcnt.dir/src/pulse_cnt.c.obj
[946/1074] Building C object esp-idf/esp_driver_sdm/CMakeFiles/__idf_esp_driver_sdm.dir/src/sdm.c.obj
[947/1074] Building C object esp-idf/esp_driver_rmt/CMakeFiles/__idf_esp_driver_rmt.dir/src/rmt_rx.c.obj
[948/1074] Building C object esp-idf/esp_driver_touch_sens/CMakeFiles/__idf_esp_driver_touch_sens.dir/hw_ver1/touch_version_specific.c.obj
[949/1074] Linking C static library esp-idf/esp_hal_emac/libesp_hal_emac.a
[950/1074] Building C object esp-idf/esp_driver_twai/CMakeFiles/__idf_esp_driver_twai.dir/esp_twai.c.obj
[951/1074] Building C object esp-idf/esp_driver_sdio/CMakeFiles/__idf_esp_driver_sdio.dir/src/sdio_slave.c.obj
[952/1074] Building C object esp-idf/esp_driver_touch_sens/CMakeFiles/__idf_esp_driver_touch_sens.dir/common/touch_sens_common.c.obj
[953/1074] Building C object esp-idf/esp_driver_rmt/CMakeFiles/__idf_esp_driver_rmt.dir/src/rmt_tx.c.obj
[954/1074] Building C object esp-idf/esp_eth/CMakeFiles/__idf_esp_eth.dir/src/esp_eth_netif_glue.c.obj
[955/1074] Building C object esp-idf/esp_driver_twai/CMakeFiles/__idf_esp_driver_twai.dir/esp_twai_onchip.c.obj
[956/1074] Building C object esp-idf/esp_eth/CMakeFiles/__idf_esp_eth.dir/src/mac/esp_eth_mac_esp_dma.c.obj
[957/1074] Linking C static library esp-idf/esp_hal_lcd/libesp_hal_lcd.a
[958/1074] Building C object esp-idf/esp_eth/CMakeFiles/__idf_esp_eth.dir/src/phy/esp_eth_phy_generic.c.obj
[959/1074] Building C object esp-idf/esp_eth/CMakeFiles/__idf_esp_eth.dir/src/mac/esp_eth_mac_esp.c.obj
[960/1074] Building C object esp-idf/esp_eth/CMakeFiles/__idf_esp_eth.dir/src/esp_eth.c.obj
[961/1074] Building C object esp-idf/esp_hid/CMakeFiles/__idf_esp_hid.dir/src/esp_hidd.c.obj
[962/1074] Building C object esp-idf/esp_eth/CMakeFiles/__idf_esp_eth.dir/src/phy/esp_eth_phy_802_3.c.obj
[963/1074] Linking C static library esp-idf/esp_https_server/libesp_https_server.a
[964/1074] Building C object esp-idf/esp_lcd/CMakeFiles/__idf_esp_lcd.dir/src/esp_lcd_common.c.obj
[965/1074] Building C object esp-idf/esp_eth/CMakeFiles/__idf_esp_eth.dir/src/mac/esp_eth_mac_esp_gpio.c.obj
[966/1074] Building C object esp-idf/esp_lcd/CMakeFiles/__idf_esp_lcd.dir/src/esp_lcd_panel_io.c.obj
[967/1074] Building C object esp-idf/esp_hid/CMakeFiles/__idf_esp_hid.dir/src/esp_hid_common.c.obj
[968/1074] Building C object esp-idf/esp_hid/CMakeFiles/__idf_esp_hid.dir/src/esp_hidh.c.obj
[969/1074] Building C object esp-idf/esp_lcd/CMakeFiles/__idf_esp_lcd.dir/src/esp_lcd_panel_ssd1306.c.obj
[970/1074] Building C object esp-idf/esp_lcd/CMakeFiles/__idf_esp_lcd.dir/src/esp_lcd_panel_ops.c.obj
[971/1074] Linking C static library esp-idf/protocomm/libprotocomm.a
[972/1074] Building C object esp-idf/esp_lcd/CMakeFiles/__idf_esp_lcd.dir/i2c/esp_lcd_panel_io_i2c.c.obj
[973/1074] Building C object esp-idf/esp_lcd/CMakeFiles/__idf_esp_lcd.dir/src/esp_lcd_panel_st7789.c.obj
[974/1074] Building C object esp-idf/esp_lcd/CMakeFiles/__idf_esp_lcd.dir/i80/esp_lcd_panel_io_i2s.c.obj
[975/1074] Building C object esp-idf/esp_local_ctrl/CMakeFiles/__idf_esp_local_ctrl.dir/src/esp_local_ctrl_transport_httpd.c.obj
[976/1074] Building C object esp-idf/esp_lcd/CMakeFiles/__idf_esp_lcd.dir/spi/esp_lcd_panel_io_spi.c.obj
[977/1074] Building C object esp-idf/esp_local_ctrl/CMakeFiles/__idf_esp_local_ctrl.dir/src/esp_local_ctrl_handler.c.obj
[978/1074] Linking C static library esp-idf/wear_levelling/libwear_levelling.a
[979/1074] Building C object esp-idf/esp_local_ctrl/CMakeFiles/__idf_esp_local_ctrl.dir/proto-c/esp_local_ctrl.pb-c.c.obj
[980/1074] Building C object esp-idf/esp_local_ctrl/CMakeFiles/__idf_esp_local_ctrl.dir/src/esp_local_ctrl.c.obj
[981/1074] Building C object esp-idf/fatfs/CMakeFiles/__idf_fatfs.dir/diskio/diskio_wl.c.obj
[982/1074] Building C object esp-idf/fatfs/CMakeFiles/__idf_fatfs.dir/diskio/diskio.c.obj
[983/1074] Building C object esp-idf/fatfs/CMakeFiles/__idf_fatfs.dir/diskio/diskio_rawflash.c.obj
[984/1074] Building C object esp-idf/fatfs/CMakeFiles/__idf_fatfs.dir/diskio/diskio_bdl.c.obj
[985/1074] Building C object esp-idf/fatfs/CMakeFiles/__idf_fatfs.dir/port/freertos/ffsystem.c.obj
[986/1074] Building C object esp-idf/fatfs/CMakeFiles/__idf_fatfs.dir/src/ffunicode.c.obj
[987/1074] Building C object esp-idf/fatfs/CMakeFiles/__idf_fatfs.dir/diskio/diskio_sdmmc.c.obj
[988/1074] Building C object esp-idf/perfmon/CMakeFiles/__idf_perfmon.dir/xtensa_perfmon_access.c.obj
[989/1074] Building C object esp-idf/fatfs/CMakeFiles/__idf_fatfs.dir/vfs/vfs_fat_spiflash.c.obj
[990/1074] Building C object esp-idf/fatfs/CMakeFiles/__idf_fatfs.dir/vfs/vfs_fat_bdl.c.obj
[991/1074] Building C object esp-idf/perfmon/CMakeFiles/__idf_perfmon.dir/xtensa_perfmon_masks.c.obj
[992/1074] Building C object esp-idf/perfmon/CMakeFiles/__idf_perfmon.dir/xtensa_perfmon_apis.c.obj
[993/1074] Building C object esp-idf/fatfs/CMakeFiles/__idf_fatfs.dir/vfs/vfs_fat_sdmmc.c.obj
[994/1074] Building C object esp-idf/spiffs/CMakeFiles/__idf_spiffs.dir/spiffs_api.c.obj
[995/1074] Building C object esp-idf/rt/CMakeFiles/__idf_rt.dir/FreeRTOS_POSIX_utils.c.obj
[996/1074] Building C object esp-idf/rt/CMakeFiles/__idf_rt.dir/FreeRTOS_POSIX_mqueue.c.obj
[997/1074] Building C object esp-idf/fatfs/CMakeFiles/__idf_fatfs.dir/vfs/vfs_fat.c.obj
[998/1074] Building C object esp-idf/spiffs/CMakeFiles/__idf_spiffs.dir/spiffs/src/spiffs_cache.c.obj
[999/1074] Building C object esp-idf/spiffs/CMakeFiles/__idf_spiffs.dir/spiffs/src/spiffs_gc.c.obj
[1000/1074] Linking C static library esp-idf/espressif__cjson/libespressif__cjson.a
[1001/1074] Building C object esp-idf/fatfs/CMakeFiles/__idf_fatfs.dir/src/ff.c.obj
[1002/1074] Building C object esp-idf/spiffs/CMakeFiles/__idf_spiffs.dir/esp_spiffs.c.obj
[1003/1074] Building C object esp-idf/main/CMakeFiles/__idf_main.dir/main.c.obj
FAILED: [code=1] esp-idf/main/CMakeFiles/__idf_main.dir/main.c.obj 
/root/.espressif/tools/xtensa-esp-elf/esp-15.2.0_20251204/xtensa-esp-elf/bin/xtensa-esp32-elf-gcc -DCJSON_CIRCULAR_LIMIT=10000 -DCJSON_NESTING_LIMIT=1000 -DESP_PLATFORM -DESP_PSA_ITS_AVAILABLE -DIDF_VER=\"v6.1-dev-3863-g338f341110\" -DMBEDTLS_CONFIG_FILE=\"mbedtls/esp_config.h\" -DMBEDTLS_MAJOR_VERSION=4 -DSOC_MMU_PAGE_SIZE=CONFIG_MMU_PAGE_SIZE -DSOC_XTAL_FREQ_MHZ=CONFIG_XTAL_FREQ -DTF_PSA_CRYPTO_USER_CONFIG_FILE=\"mbedtls/esp_config.h\" -DZCLAW_VERSION=\"2.11.1\" -D_GLIBCXX_HAVE_POSIX_SEMAPHORE -D_GLIBCXX_USE_POSIX_SEMAPHORE -D_GNU_SOURCE -D_POSIX_READER_WRITER_LOCKS -I/a0/usr/projects/zclaw/build/config -I/a0/usr/projects/zclaw/main -I/a0/usr/projects/zclaw/esp-idf/components/esp_libc/platform_include -I/a0/usr/projects/zclaw/esp-idf/components/freertos/config/include -I/a0/usr/projects/zclaw/esp-idf/components/freertos/config/include/freertos -I/a0/usr/projects/zclaw/esp-idf/components/freertos/config/xtensa/include -I/a0/usr/projects/zclaw/esp-idf/components/freertos/FreeRTOS-Kernel/include -I/a0/usr/projects/zclaw/esp-idf/components/freertos/FreeRTOS-Kernel/portable/xtensa/include -I/a0/usr/projects/zclaw/esp-idf/components/freertos/FreeRTOS-Kernel/portable/xtensa/include/freertos -I/a0/usr/projects/zclaw/esp-idf/components/freertos/esp_additions/include -I/a0/usr/projects/zclaw/esp-idf/components/esp_hw_support/include -I/a0/usr/projects/zclaw/esp-idf/components/esp_hw_support/include/soc -I/a0/usr/projects/zclaw/esp-idf/components/esp_hw_support/ldo/include -I/a0/usr/projects/zclaw/esp-idf/components/esp_hw_support/debug_probe/include -I/a0/usr/projects/zclaw/esp-idf/components/esp_hw_support/etm/include -I/a0/usr/projects/zclaw/esp-idf/components/esp_hw_support/mspi/mspi_timing_tuning/include -I/a0/usr/projects/zclaw/esp-idf/components/esp_hw_support/mspi/mspi_timing_tuning/tuning_scheme_impl/include -I/a0/usr/projects/zclaw/esp-idf/components/esp_hw_support/mspi/mspi_intr/include -I/a0/usr/projects/zclaw/esp-idf/components/esp_hw_support/power_supply/include -I/a0/usr/projects/zclaw/esp-idf/components/esp_hw_support/modem/include -I/a0/usr/projects/zclaw/esp-idf/components/esp_hw_support/port/esp32/. -I/a0/usr/projects/zclaw/esp-idf/components/esp_hw_support/port/esp32/include -I/a0/usr/projects/zclaw/esp-idf/components/heap/include -I/a0/usr/projects/zclaw/esp-idf/components/heap/tlsf -I/a0/usr/projects/zclaw/esp-idf/components/log/include -I/a0/usr/projects/zclaw/esp-idf/components/soc/include -I/a0/usr/projects/zclaw/esp-idf/components/soc/esp32 -I/a0/usr/projects/zclaw/esp-idf/components/soc/esp32/include -I/a0/usr/projects/zclaw/esp-idf/components/soc/esp32/register -I/a0/usr/projects/zclaw/esp-idf/components/hal/platform_port/include -I/a0/usr/projects/zclaw/esp-idf/components/hal/esp32/include -I/a0/usr/projects/zclaw/esp-idf/components/hal/include -I/a0/usr/projects/zclaw/esp-idf/components/esp_rom/include -I/a0/usr/projects/zclaw/esp-idf/components/esp_rom/esp32/include -I/a0/usr/projects/zclaw/esp-idf/components/esp_rom/esp32/include/esp32 -I/a0/usr/projects/zclaw/esp-idf/components/esp_rom/esp32 -I/a0/usr/projects/zclaw/esp-idf/components/esp_common/include -I/a0/usr/projects/zclaw/esp-idf/components/esp_system/include -I/a0/usr/projects/zclaw/esp-idf/components/esp_system/port/soc -I/a0/usr/projects/zclaw/esp-idf/components/esp_system/port/include/private -I/a0/usr/projects/zclaw/esp-idf/components/esp_stdio/include -I/a0/usr/projects/zclaw/esp-idf/components/xtensa/esp32/include -I/a0/usr/projects/zclaw/esp-idf/components/xtensa/include -I/a0/usr/projects/zclaw/esp-idf/components/xtensa/deprecated_include -I/a0/usr/projects/zclaw/esp-idf/components/esp_hal_gpio/include -I/a0/usr/projects/zclaw/esp-idf/components/esp_hal_gpio/esp32/include -I/a0/usr/projects/zclaw/esp-idf/components/esp_hal_usb/include -I/a0/usr/projects/zclaw/esp-idf/components/esp_hal_pmu/include -I/a0/usr/projects/zclaw/esp-idf/components/esp_hal_pmu/esp32/include -I/a0/usr/projects/zclaw/esp-idf/components/esp_hal_regi2c/include -I/a0/usr/projects/zclaw/esp-idf/components/esp_hal_regi2c/esp32/include -I/a0/usr/projects/zclaw/esp-idf/components/esp_hal_ana_conv/include -I/a0/usr/projects/zclaw/esp-idf/components/esp_hal_ana_conv/esp32/include -I/a0/usr/projects/zclaw/esp-idf/components/esp_hal_dma/include -I/a0/usr/projects/zclaw/esp-idf/components/esp_hal_i2s/include -I/a0/usr/projects/zclaw/esp-idf/components/esp_hal_i2s/esp32/include -I/a0/usr/projects/zclaw/esp-idf/components/lwip/include -I/a0/usr/projects/zclaw/esp-idf/components/lwip/include/apps -I/a0/usr/projects/zclaw/esp-idf/components/lwip/lwip/src/include -I/a0/usr/projects/zclaw/esp-idf/components/lwip/port/include -I/a0/usr/projects/zclaw/esp-idf/components/lwip/port/freertos/include -I/a0/usr/projects/zclaw/esp-idf/components/lwip/port/esp32xx/include -I/a0/usr/projects/zclaw/esp-idf/components/lwip/port/esp32xx/include/arch -I/a0/usr/projects/zclaw/esp-idf/components/lwip/port/esp32xx/include/sys -I/a0/usr/projects/zclaw/esp-idf/components/nvs_flash/include -I/a0/usr/projects/zclaw/esp-idf/components/esp_partition/include -I/a0/usr/projects/zclaw/esp-idf/components/esp_blockdev/include -I/a0/usr/projects/zclaw/esp-idf/components/esp_wifi/include -I/a0/usr/projects/zclaw/esp-idf/components/esp_wifi/include/local -I/a0/usr/projects/zclaw/esp-idf/components/esp_wifi/wifi_apps/include -I/a0/usr/projects/zclaw/esp-idf/components/esp_wifi/wifi_apps/nan_app/include -I/a0/usr/projects/zclaw/esp-idf/components/esp_wifi/remote/include -I/a0/usr/projects/zclaw/esp-idf/components/esp_event/include -I/a0/usr/projects/zclaw/esp-idf/components/esp_phy/include -I/a0/usr/projects/zclaw/esp-idf/components/esp_phy/esp32/include -I/a0/usr/projects/zclaw/esp-idf/components/esp_netif/include -I/a0/usr/projects/zclaw/esp-idf/components/esp_http_client/include -I/a0/usr/projects/zclaw/esp-idf/components/esp-tls -I/a0/usr/projects/zclaw/esp-idf/components/esp-tls/esp-tls-crypto -I/a0/usr/projects/zclaw/esp-idf/components/mbedtls/port/include -I/a0/usr/projects/zclaw/esp-idf/components/mbedtls/mbedtls/include -I/a0/usr/projects/zclaw/esp-idf/components/mbedtls/mbedtls/library -I/a0/usr/projects/zclaw/esp-idf/components/mbedtls/mbedtls/tf-psa-crypto/core -I/a0/usr/projects/zclaw/esp-idf/components/mbedtls/mbedtls/tf-psa-crypto/drivers/builtin/src -I/a0/usr/projects/zclaw/esp-idf/components/mbedtls/esp_crt_bundle/include -I/a0/usr/projects/zclaw/esp-idf/components/mbedtls/port/psa_driver/include -I/a0/usr/projects/zclaw/esp-idf/components/esp_security/include -I/a0/usr/projects/zclaw/esp-idf/components/esp_hal_security/esp32/include -I/a0/usr/projects/zclaw/esp-idf/components/esp_hal_security/include -I/a0/usr/projects/zclaw/esp-idf/components/mbedtls/mbedtls/tf-psa-crypto/include -I/a0/usr/projects/zclaw/esp-idf/components/mbedtls/mbedtls/tf-psa-crypto/drivers/builtin/include -I/a0/usr/projects/zclaw/esp-idf/components/mbedtls/mbedtls/tf-psa-crypto/drivers/everest/include -I/a0/usr/projects/zclaw/esp-idf/components/mbedtls/mbedtls/tf-psa-crypto/drivers/p256-m -I/a0/usr/projects/zclaw/esp-idf/components/esp_timer/include -I/a0/usr/projects/zclaw/managed_components/espressif__cjson/cJSON -I/a0/usr/projects/zclaw/esp-idf/components/driver/i2c/include -I/a0/usr/projects/zclaw/esp-idf/components/driver/touch_sensor/include -I/a0/usr/projects/zclaw/esp-idf/components/driver/twai/include -I/a0/usr/projects/zclaw/esp-idf/components/driver/touch_sensor/esp32/include -I/a0/usr/projects/zclaw/esp-idf/components/esp_hal_i2c/esp32/include -I/a0/usr/projects/zclaw/esp-idf/components/esp_hal_i2c/include -I/a0/usr/projects/zclaw/esp-idf/components/esp_hal_twai/include -I/a0/usr/projects/zclaw/esp-idf/components/esp_hal_twai/esp32/include -I/a0/usr/projects/zclaw/esp-idf/components/esp_hal_touch_sens/esp32/include -I/a0/usr/projects/zclaw/esp-idf/components/esp_hal_touch_sens/include -I/a0/usr/projects/zclaw/esp-idf/components/esp_driver_usb_serial_jtag/include -I/a0/usr/projects/zclaw/esp-idf/components/app_update/include -I/a0/usr/projects/zclaw/esp-idf/components/bootloader_support/include -I/a0/usr/projects/zclaw/esp-idf/components/bootloader_support/bootloader_flash/include -I/a0/usr/projects/zclaw/esp-idf/components/esp_app_format/include -I/a0/usr/projects/zclaw/esp-idf/components/esp_bootloader_format/include -I/a0/usr/projects/zclaw/esp-idf/components/esp_adc/include -I/a0/usr/projects/zclaw/esp-idf/components/esp_adc/interface -I/a0/usr/projects/zclaw/esp-idf/components/esp_adc/esp32/include @"/a0/usr/projects/zclaw/build/toolchain/cflags" -fdiagnostics-color=always -ffunction-sections -fdata-sections -Wall -Werror -Wno-error=unused-function -Wno-error=unused-variable -Wno-error=unused-but-set-variable -Wno-error=deprecated-declarations -Wextra -Wno-error=extra -Wno-unused-parameter -Wno-sign-compare -Wno-enum-conversion -gdwarf-4 -ggdb -Os -freorder-blocks -mno-target-align -fmacro-prefix-map=/a0/usr/projects/zclaw=. -fmacro-prefix-map=/a0/usr/projects/zclaw/esp-idf=/IDF -fstrict-volatile-bitfields -fno-jump-tables -fno-tree-switch-conversion -std=gnu23 -Wno-old-style-declaration -fzero-init-padding-bits=all -fno-malloc-dce -MD -MT esp-idf/main/CMakeFiles/__idf_main.dir/main.c.obj -MF esp-idf/main/CMakeFiles/__idf_main.dir/main.c.obj.d -o esp-idf/main/CMakeFiles/__idf_main.dir/main.c.obj -c /a0/usr/projects/zclaw/main/main.c
/a0/usr/projects/zclaw/main/main.c:32:10: fatal error: driver/gpio.h: No such file or directory
   32 | #include "driver/gpio.h"
      |          ^~~~~~~~~~~~~~~
compilation terminated.
[1004/1074] Building C object esp-idf/spiffs/CMakeFiles/__idf_spiffs.dir/spiffs/src/spiffs_hydrogen.c.obj
[1005/1074] Building C object esp-idf/main/CMakeFiles/__idf_main.dir/channel.c.obj
FAILED: [code=1] esp-idf/main/CMakeFiles/__idf_main.dir/channel.c.obj 
/root/.espressif/tools/xtensa-esp-elf/esp-15.2.0_20251204/xtensa-esp-elf/bin/xtensa-esp32-elf-gcc -DCJSON_CIRCULAR_LIMIT=10000 -DCJSON_NESTING_LIMIT=1000 -DESP_PLATFORM -DESP_PSA_ITS_AVAILABLE -DIDF_VER=\"v6.1-dev-3863-g338f341110\" -DMBEDTLS_CONFIG_FILE=\"mbedtls/esp_config.h\" -DMBEDTLS_MAJOR_VERSION=4 -DSOC_MMU_PAGE_SIZE=CONFIG_MMU_PAGE_SIZE -DSOC_XTAL_FREQ_MHZ=CONFIG_XTAL_FREQ -DTF_PSA_CRYPTO_USER_CONFIG_FILE=\"mbedtls/esp_config.h\" -DZCLAW_VERSION=\"2.11.1\" -D_GLIBCXX_HAVE_POSIX_SEMAPHORE -D_GLIBCXX_USE_POSIX_SEMAPHORE -D_GNU_SOURCE -D_POSIX_READER_WRITER_LOCKS -I/a0/usr/projects/zclaw/build/config -I/a0/usr/projects/zclaw/main -I/a0/usr/projects/zclaw/esp-idf/components/esp_libc/platform_include -I/a0/usr/projects/zclaw/esp-idf/components/freertos/config/include -I/a0/usr/projects/zclaw/esp-idf/components/freertos/config/include/freertos -I/a0/usr/projects/zclaw/esp-idf/components/freertos/config/xtensa/include -I/a0/usr/projects/zclaw/esp-idf/components/freertos/FreeRTOS-Kernel/include -I/a0/usr/projects/zclaw/esp-idf/components/freertos/FreeRTOS-Kernel/portable/xtensa/include -I/a0/usr/projects/zclaw/esp-idf/components/freertos/FreeRTOS-Kernel/portable/xtensa/include/freertos -I/a0/usr/projects/zclaw/esp-idf/components/freertos/esp_additions/include -I/a0/usr/projects/zclaw/esp-idf/components/esp_hw_support/include -I/a0/usr/projects/zclaw/esp-idf/components/esp_hw_support/include/soc -I/a0/usr/projects/zclaw/esp-idf/components/esp_hw_support/ldo/include -I/a0/usr/projects/zclaw/esp-idf/components/esp_hw_support/debug_probe/include -I/a0/usr/projects/zclaw/esp-idf/components/esp_hw_support/etm/include -I/a0/usr/projects/zclaw/esp-idf/components/esp_hw_support/mspi/mspi_timing_tuning/include -I/a0/usr/projects/zclaw/esp-idf/components/esp_hw_support/mspi/mspi_timing_tuning/tuning_scheme_impl/include -I/a0/usr/projects/zclaw/esp-idf/components/esp_hw_support/mspi/mspi_intr/include -I/a0/usr/projects/zclaw/esp-idf/components/esp_hw_support/power_supply/include -I/a0/usr/projects/zclaw/esp-idf/components/esp_hw_support/modem/include -I/a0/usr/projects/zclaw/esp-idf/components/esp_hw_support/port/esp32/. -I/a0/usr/projects/zclaw/esp-idf/components/esp_hw_support/port/esp32/include -I/a0/usr/projects/zclaw/esp-idf/components/heap/include -I/a0/usr/projects/zclaw/esp-idf/components/heap/tlsf -I/a0/usr/projects/zclaw/esp-idf/components/log/include -I/a0/usr/projects/zclaw/esp-idf/components/soc/include -I/a0/usr/projects/zclaw/esp-idf/components/soc/esp32 -I/a0/usr/projects/zclaw/esp-idf/components/soc/esp32/include -I/a0/usr/projects/zclaw/esp-idf/components/soc/esp32/register -I/a0/usr/projects/zclaw/esp-idf/components/hal/platform_port/include -I/a0/usr/projects/zclaw/esp-idf/components/hal/esp32/include -I/a0/usr/projects/zclaw/esp-idf/components/hal/include -I/a0/usr/projects/zclaw/esp-idf/components/esp_rom/include -I/a0/usr/projects/zclaw/esp-idf/components/esp_rom/esp32/include -I/a0/usr/projects/zclaw/esp-idf/components/esp_rom/esp32/include/esp32 -I/a0/usr/projects/zclaw/esp-idf/components/esp_rom/esp32 -I/a0/usr/projects/zclaw/esp-idf/components/esp_common/include -I/a0/usr/projects/zclaw/esp-idf/components/esp_system/include -I/a0/usr/projects/zclaw/esp-idf/components/esp_system/port/soc -I/a0/usr/projects/zclaw/esp-idf/components/esp_system/port/include/private -I/a0/usr/projects/zclaw/esp-idf/components/esp_stdio/include -I/a0/usr/projects/zclaw/esp-idf/components/xtensa/esp32/include -I/a0/usr/projects/zclaw/esp-idf/components/xtensa/include -I/a0/usr/projects/zclaw/esp-idf/components/xtensa/deprecated_include -I/a0/usr/projects/zclaw/esp-idf/components/esp_hal_gpio/include -I/a0/usr/projects/zclaw/esp-idf/components/esp_hal_gpio/esp32/include -I/a0/usr/projects/zclaw/esp-idf/components/esp_hal_usb/include -I/a0/usr/projects/zclaw/esp-idf/components/esp_hal_pmu/include -I/a0/usr/projects/zclaw/esp-idf/components/esp_hal_pmu/esp32/include -I/a0/usr/projects/zclaw/esp-idf/components/esp_hal_regi2c/include -I/a0/usr/projects/zclaw/esp-idf/components/esp_hal_regi2c/esp32/include -I/a0/usr/projects/zclaw/esp-idf/components/esp_hal_ana_conv/include -I/a0/usr/projects/zclaw/esp-idf/components/esp_hal_ana_conv/esp32/include -I/a0/usr/projects/zclaw/esp-idf/components/esp_hal_dma/include -I/a0/usr/projects/zclaw/esp-idf/components/esp_hal_i2s/include -I/a0/usr/projects/zclaw/esp-idf/components/esp_hal_i2s/esp32/include -I/a0/usr/projects/zclaw/esp-idf/components/lwip/include -I/a0/usr/projects/zclaw/esp-idf/components/lwip/include/apps -I/a0/usr/projects/zclaw/esp-idf/components/lwip/lwip/src/include -I/a0/usr/projects/zclaw/esp-idf/components/lwip/port/include -I/a0/usr/projects/zclaw/esp-idf/components/lwip/port/freertos/include -I/a0/usr/projects/zclaw/esp-idf/components/lwip/port/esp32xx/include -I/a0/usr/projects/zclaw/esp-idf/components/lwip/port/esp32xx/include/arch -I/a0/usr/projects/zclaw/esp-idf/components/lwip/port/esp32xx/include/sys -I/a0/usr/projects/zclaw/esp-idf/components/nvs_flash/include -I/a0/usr/projects/zclaw/esp-idf/components/esp_partition/include -I/a0/usr/projects/zclaw/esp-idf/components/esp_blockdev/include -I/a0/usr/projects/zclaw/esp-idf/components/esp_wifi/include -I/a0/usr/projects/zclaw/esp-idf/components/esp_wifi/include/local -I/a0/usr/projects/zclaw/esp-idf/components/esp_wifi/wifi_apps/include -I/a0/usr/projects/zclaw/esp-idf/components/esp_wifi/wifi_apps/nan_app/include -I/a0/usr/projects/zclaw/esp-idf/components/esp_wifi/remote/include -I/a0/usr/projects/zclaw/esp-idf/components/esp_event/include -I/a0/usr/projects/zclaw/esp-idf/components/esp_phy/include -I/a0/usr/projects/zclaw/esp-idf/components/esp_phy/esp32/include -I/a0/usr/projects/zclaw/esp-idf/components/esp_netif/include -I/a0/usr/projects/zclaw/esp-idf/components/esp_http_client/include -I/a0/usr/projects/zclaw/esp-idf/components/esp-tls -I/a0/usr/projects/zclaw/esp-idf/components/esp-tls/esp-tls-crypto -I/a0/usr/projects/zclaw/esp-idf/components/mbedtls/port/include -I/a0/usr/projects/zclaw/esp-idf/components/mbedtls/mbedtls/include -I/a0/usr/projects/zclaw/esp-idf/components/mbedtls/mbedtls/library -I/a0/usr/projects/zclaw/esp-idf/components/mbedtls/mbedtls/tf-psa-crypto/core -I/a0/usr/projects/zclaw/esp-idf/components/mbedtls/mbedtls/tf-psa-crypto/drivers/builtin/src -I/a0/usr/projects/zclaw/esp-idf/components/mbedtls/esp_crt_bundle/include -I/a0/usr/projects/zclaw/esp-idf/components/mbedtls/port/psa_driver/include -I/a0/usr/projects/zclaw/esp-idf/components/esp_security/include -I/a0/usr/projects/zclaw/esp-idf/components/esp_hal_security/esp32/include -I/a0/usr/projects/zclaw/esp-idf/components/esp_hal_security/include -I/a0/usr/projects/zclaw/esp-idf/components/mbedtls/mbedtls/tf-psa-crypto/include -I/a0/usr/projects/zclaw/esp-idf/components/mbedtls/mbedtls/tf-psa-crypto/drivers/builtin/include -I/a0/usr/projects/zclaw/esp-idf/components/mbedtls/mbedtls/tf-psa-crypto/drivers/everest/include -I/a0/usr/projects/zclaw/esp-idf/components/mbedtls/mbedtls/tf-psa-crypto/drivers/p256-m -I/a0/usr/projects/zclaw/esp-idf/components/esp_timer/include -I/a0/usr/projects/zclaw/managed_components/espressif__cjson/cJSON -I/a0/usr/projects/zclaw/esp-idf/components/driver/i2c/include -I/a0/usr/projects/zclaw/esp-idf/components/driver/touch_sensor/include -I/a0/usr/projects/zclaw/esp-idf/components/driver/twai/include -I/a0/usr/projects/zclaw/esp-idf/components/driver/touch_sensor/esp32/include -I/a0/usr/projects/zclaw/esp-idf/components/esp_hal_i2c/esp32/include -I/a0/usr/projects/zclaw/esp-idf/components/esp_hal_i2c/include -I/a0/usr/projects/zclaw/esp-idf/components/esp_hal_twai/include -I/a0/usr/projects/zclaw/esp-idf/components/esp_hal_twai/esp32/include -I/a0/usr/projects/zclaw/esp-idf/components/esp_hal_touch_sens/esp32/include -I/a0/usr/projects/zclaw/esp-idf/components/esp_hal_touch_sens/include -I/a0/usr/projects/zclaw/esp-idf/components/esp_driver_usb_serial_jtag/include -I/a0/usr/projects/zclaw/esp-idf/components/app_update/include -I/a0/usr/projects/zclaw/esp-idf/components/bootloader_support/include -I/a0/usr/projects/zclaw/esp-idf/components/bootloader_support/bootloader_flash/include -I/a0/usr/projects/zclaw/esp-idf/components/esp_app_format/include -I/a0/usr/projects/zclaw/esp-idf/components/esp_bootloader_format/include -I/a0/usr/projects/zclaw/esp-idf/components/esp_adc/include -I/a0/usr/projects/zclaw/esp-idf/components/esp_adc/interface -I/a0/usr/projects/zclaw/esp-idf/components/esp_adc/esp32/include @"/a0/usr/projects/zclaw/build/toolchain/cflags" -fdiagnostics-color=always -ffunction-sections -fdata-sections -Wall -Werror -Wno-error=unused-function -Wno-error=unused-variable -Wno-error=unused-but-set-variable -Wno-error=deprecated-declarations -Wextra -Wno-error=extra -Wno-unused-parameter -Wno-sign-compare -Wno-enum-conversion -gdwarf-4 -ggdb -Os -freorder-blocks -mno-target-align -fmacro-prefix-map=/a0/usr/projects/zclaw=. -fmacro-prefix-map=/a0/usr/projects/zclaw/esp-idf=/IDF -fstrict-volatile-bitfields -fno-jump-tables -fno-tree-switch-conversion -std=gnu23 -Wno-old-style-declaration -fzero-init-padding-bits=all -fno-malloc-dce -MD -MT esp-idf/main/CMakeFiles/__idf_main.dir/channel.c.obj -MF esp-idf/main/CMakeFiles/__idf_main.dir/channel.c.obj.d -o esp-idf/main/CMakeFiles/__idf_main.dir/channel.c.obj -c /a0/usr/projects/zclaw/main/channel.c
/a0/usr/projects/zclaw/main/channel.c:16:10: fatal error: driver/uart.h: No such file or directory
   16 | #include "driver/uart.h"
      |          ^~~~~~~~~~~~~~~
compilation terminated.
[1006/1074] Building C object esp-idf/spiffs/CMakeFiles/__idf_spiffs.dir/spiffs/src/spiffs_check.c.obj
[1007/1074] Building C object esp-idf/main/CMakeFiles/__idf_main.dir/agent.c.obj
[1008/1074] Building C object esp-idf/spiffs/CMakeFiles/__idf_spiffs.dir/spiffs/src/spiffs_nucleus.c.obj
ninja: build stopped: subcommand failed.
[0;33mCompilation failed because main.c (in "main" component) includes driver/gpio.h, provided by esp_driver_gpio component(s).
However, esp_driver_gpio component(s) is not in the requirements list of "main".
To fix this, add esp_driver_gpio to PRIV_REQUIRES list of idf_component_register call in /a0/usr/projects/zclaw/main/CMakeLists.txt.[0m
ninja failed with exit code 1, output of the command is in the /a0/usr/projects/zclaw/build/log/idf_py_stderr_output_2852 and /a0/usr/projects/zclaw/build/log/idf_py_stdout_output_2852
